REGION_NAME,PLTC_OWNER_ID,STRING_ID,REGION_ID
Aruba,ABW,NL-ABW,#b5b8b8
Kandahar,AFG,AF-KAN,#030d16
Bamyan,AFG,AF-BAM,#09486c
Kunduz,AFG,AF-KDZ,#0e1317
Kabul,AFG,AF-KAB,#18d374
Sari_Pul,AFG,AF-SAR,#19190c
Khost,AFG,AF-KHO,#1c1526
Kapisa,AFG,AF-KAP,#1e2d20
Ghor,AFG,AF-GHO,#211a1f
Uruzgan,AFG,AF-URU,#39626c
Balkh,AFG,AF-BAL,#3de0e6
Paktika,AFG,AF-PKA,#400f6a
Nangarhar,AFG,AF-NAN,#590afb
Takhar,AFG,AF-TAK,#69bcab
Faryab,AFG,AF-FYB,#6f0b84
Jawzjan,AFG,AF-JOW,#7c7861
Daykundi,AFG,AF-DAY,#83be43
Hilmand,AFG,AF-HEL,#84a06b
Badakhshan,AFG,AF-BDS,#95dea8
Logar,AFG,AF-LOG,#99b360
Badghis,AFG,AF-BDG,#99cad6
Zabul,AFG,AF-ZAB,#a69af1
Hirat,AFG,AF-HER,#bcf1f0
Wardak,AFG,AF-WAR,#c12a6d
Nuristan,AFG,AF-NUR,#c4cdc8
Farah,AFG,AF-FRA,#c87ac9
Samangan,AFG,AF-SAM,#cba870
Nimroz,AFG,AF-NIM,#d4ada1
Paktya,AFG,AF-PIA,#eee3e3
Laghman,AFG,AF-LAG,#efcd8a
Baghlan,AFG,AF-BGL,#eff2cd
Kunar,AFG,AF-KNR,#f1e2f9
Ghazni,AFG,AF-GHA,#f63bef
Panjshir,AFG,AF-PAN,#fc91b4
Parwan,AFG,AF-PAR ,#fdf5ec
Moxico,AGO,,#070411
Lunda_Sul,AGO,,#0e0b0d
Bengo,AGO,,#106b68
Zaire,AGO,,#153003
Benguela,AGO,,#239264
Cunene,AGO,,#2b2700
Luanda,AGO,,#37e81f
Namibe,AGO,,#381d35
Uíge,AGO,,#39445e
Malanje,AGO,,#490607
Cuanza_Sul,AGO,,#4d5a5e
Bié,AGO,,#52815f
Huambo,AGO,,#5c1113
Lunda_Norte,AGO,,#87662c
Huíla,AGO,,#8b9bae
Cuando_Cubango,AGO,,#a0e6f8
Cabinda,AGO,,#aeb2a3
Cuanza_Norte,AGO,,#f9cccd
Anguilla,AIA,,#fdd6fb
Korçë,ALB,,#010300
Elbasan,ALB,,#11060f
Kukës,ALB,,#212182
Tirana,ALB,,#344a7b
Dibër,ALB,,#4c1362
Lezhë,ALB,,#60ab83
Vlorë,ALB,,#cfc97e
Shkodër,ALB,,#e0dfec
Berat,ALB,,#ebf9da
Fier,ALB,,#f7f8f7
Durrës,ALB,,#f8b5ad
Gjirokastër,ALB,,#fae9f9
Andorra,AND,,#738403
Neutral_Zone,ARE,,#002933
Sharjah,ARE,,#2b3eb4
Abu_Dhabi,ARE,,#556262
Fujayrah,ARE,,#87f2f6
Ras_Al_Khaymah,ARE,,#97a6b4
Umm_Al_Qaywayn,ARE,,#c588f9
Ajman,ARE,,#d4d3e0
Dubay,ARE,,#dbd2d9
Oman_and_Ajman,ARE,,#f6f2f1
Tucumán,ARG,,#02060b
Corrientes,ARG,,#04121b
Córdoba,ARG,,#191818
La_Rioja,ARG,,#28447d
Santiago_del_Estero,ARG,,#32407d
Catamarca,ARG,,#3659f1
La_Pampa,ARG,,#3c9f99
Río_Negro,ARG,,#45428b
Tierra_del_Fuego,ARG,,#46bd40
Jujuy,ARG,,#4b664e
Santa_Cruz,ARG,,#7777e4
Chaco,ARG,,#829783
Ciudad_de_Buenos_Aires,ARG,,#93c4af
Santa_Fe,ARG,,#9eab58
Neuquén,ARG,,#aecfc8
San_Luis,ARG,,#b69a5f
San_Juan,ARG,,#b7a7bc
Buenos_Aires,ARG,,#ca1fd4
Chubut,ARG,,#d63160
Mendoza,ARG,,#e2add2
Formosa,ARG,,#e2d3da
Entre_Ríos,ARG,,#e6f6fb
Salta,ARG,,#f663cb
Misiones,ARG,,#f8f9f6
Gegharkunik,ARM,,#0b0c2a
Syunik,ARM,,#1f282e
Kotayk,ARM,,#27ea87
Armavir,ARM,,#2b1c23
Ararat,ARM,,#56ed8b
Vayots_Dzor,ARM,,#a540fb
Shirak,ARM,,#a9afba
Erevan,ARM,,#ab8c38
Aragatsotn,ARM,,#cfb23f
Tavush,ARM,,#d5f6d8
Lori,ARM,,#f8f7f8
Manu_s,ASM,,#3b2051
Swain_s_Island,ASM,,#5c6f5f
Eastern,ASM,,#984189
Western,ASM,,#c97496
Rose_Atoll,ASM,,#dbdae5
Antarctica,ATA,,#9a397d
Archipel_des_Crozet,ATF,,#2ec10c
Archipel_des_Kerguelen,ATF,,#672a64
Iles_Eparses_de_l_ocean_Indien,ATF,,#6847f8
Iles_Saint_Paul_et_Nouvelle_Amsterdam,ATF,,#78a3bf
Antigua_and_Barbuda,ATG,,#a4b9d5
Jervis_Bay_Territory,AUS,,#26bde3
Tasmania,AUS,,#444504
Christmas_Island,AUS,,#4a879d
Australian_Capital_Territory,AUS,,#555526
Queensland,AUS,,#721f3c
Macquarie_Island,AUS,,#7d2506
Ashmore_and_Cartier_Islands,AUS,,#8a23ba
South_Australia,AUS,,#bca897
Victoria,AUS,,#cd86c5
Western_Australia,AUS,,#d334b3
Lord_Howe_Island,AUS,,#e0e0e1
Northern_Territory,AUS,,#ed62ad
New_South_Wales,AUS,,#fbaedf
Wien,AUT,,#01d6a1
Oberösterreich,AUT,,#089138
Niederösterreich,AUT,,#0d2405
Tirol,AUT,,#381d07
Salzburg,AUT,,#6c7e53
Steiermark,AUT,,#8a90dd
Kärnten,AUT,,#ccd5ae
Burgenland,AUT,,#cec3c6
Vorarlberg,AUT,,#f4f9ba
Şəmkir,AZE,,#043d15
İmişli,AZE,,#06b783
Zəngilan,AZE,,#0b040b
Kangarli,AZE,,#0e0e11
Neftçala,AZE,,#0e225d
Şuşa,AZE,,#0f040d
Şamaxı,AZE,,#0f0728
Goranboy,AZE,,#0f2428
Yevlakh_Rayon,AZE,,#110407
Bərdə,AZE,,#171410
Qubadli,AZE,,#1a090b
Gədəbəy,AZE,,#251c2b
Balakən,AZE,,#2b7a84
Sədərək,AZE,,#2f77da
Mingəçevir,AZE,,#30d534
Şəki,AZE,,#325b54
Ordubad,AZE,,#382461
İsmayıllı,AZE,,#3f5648
Naftalan,AZE,,#42e765
Biləsuvar,AZE,,#43fd30
Qazax,AZE,,#465445
Ağstafa,AZE,,#468aa7
Şahbuz,AZE,,#4e00e4
Zərdab,AZE,,#4f6a5e
Şabran,AZE,,#526355
Şəki_City,AZE,,#54e9b6
Bakı,AZE,,#563b88
Oğuz,AZE,,#5e5465
Füzuli,AZE,,#6e6162
Lachin,AZE,,#7d614e
Qusar,AZE,,#7e909d
Saatlı,AZE,,#84af98
Daşkəsən,AZE,,#8bc82b
Şərur,AZE,,#8c83be
Cəbrayıl,AZE,,#8d169b
Cəlilabad,AZE,,#8f98b8
Hajigabul,AZE,,#8faca6
Ucar,AZE,,#979697
Xanlar,AZE,,#9c8595
Yardımlı,AZE,,#9f4c98
Ağcabədi,AZE,,#a1a6aa
Stepanakert,AZE,,#a6cf28
Qax,AZE,,#a75852
Ağsu,AZE,,#b5623a
Kürdəmir,AZE,,#b8acbb
Ağdaş,AZE,,#b8bfbe
Kəlbəcər,AZE,,#b8c346
Gəncə,AZE,,#bcbed1
Zaqatala,AZE,,#bdaff8
Qobustan,AZE,,#c0d6eb
Sabirabad,AZE,,#c0ec9f
Tərtər,AZE,,#c1b4ae
Xaçmaz,AZE,,#c46017
Ağdam,AZE,,#c49c6d
Beyləqan,AZE,,#c5f2d5
Sumqayıt,AZE,,#cb687a
Xocalı,AZE,,#ccf0cb
Masallı,AZE,,#d2d784
Xizı,AZE,,#d5dba2
Yevlakh,AZE,,#d68fad
Salyan,AZE,,#d94ab6
Xocavənd,AZE,,#db404b
Lerik,AZE,,#dddedb
Astara,AZE,,#dedddd
Abşeron,AZE,,#e4e3e6
Qəbələ,AZE,,#e6dcfb
Quba,AZE,,#eef0f5
Tovuz,AZE,,#f0d1c5
Samux,AZE,,#f4edf8
Siyəzən,AZE,,#f4f9f4
Shirvan,AZE,,#f4f9f7
Babək,AZE,,#f8fce1
Göyçay,AZE,,#f9ecca
Şuşa_City,AZE,,#f9f7fa
Naxçıvan,AZE,,#fbf8fa
Culfa,AZE,,#fdf9fe
Lankaran__City,AZE,,#fdfcee
Lankaran,AZE,,#fef9eb
Bubanza,BDI,,#061401
Muramvya,BDI,,#0e0108
Rutana,BDI,,#1d1a1f
Kayanza,BDI,,#220e29
Kirundo,BDI,,#2b1d0e
Bujumbura_Rural,BDI,,#6113b8
Ngozi,BDI,,#89a534
Makamba,BDI,,#98ae7f
Karuzi,BDI,,#9bd6a9
Cankuzo,BDI,,#bcafde
Rumonge,BDI,,#c4cad5
Muyinga,BDI,,#c4f9d2
Cibitoke,BDI,,#cbd3d4
Ruyigi,BDI,,#cbf786
Bujumbura_Mairie,BDI,,#eb6cb1
Mwaro,BDI,,#f1f8f1
Gitega,BDI,,#f833b5
Bururi,BDI,,#f8f8f9
Limburg,BEL,,#03091c
East_Flanders,BEL,,#14431d
Namur,BEL,,#1b2015
Flemish_Brabant,BEL,,#1e0fa8
Liege,BEL,,#4ecef3
Luxembourg,BEL,,#635b3e
Hainaut,BEL,,#637684
Brussels,BEL,,#72dbb5
West_Flanders,BEL,,#c292e1
Antwerp,BEL,,#d863b6
Walloon_Brabant,BEL,,#e1e0e0
Kouffo,BEN,,#04030a
Collines,BEN,,#16b39f
Atlantique,BEN,,#257a25
Mono,BEN,,#2b4e3d
Zou,BEN,,#35decc
Alibori,BEN,,#79f269
Plateau,BEN,,#a52510
Ouémé,BEN,,#b3a776
Littoral,BEN,,#e8a19d
Borgou,BEN,,#ebeae6
Atakora,BEN,,#f6fdfc
Donga,BEN,,#f9b0d6
Nahouri,BFA,,#000203
Houet,BFA,,#050803
Tapoa,BFA,,#070607
Komondjari,BFA,,#0c0417
Sissili,BFA,,#0d102a
Passoré,BFA,,#110f16
Kossi,BFA,,#164177
Ioba,BFA,,#1c8376
Gourma,BFA,,#1e1f1f
Bougouriba,BFA,,#1f55d1
Koulpélogo,BFA,,#22975c
Sanmatenga,BFA,,#231b2a
Kénédougou,BFA,,#348599
Oubritenga,BFA,,#35262b
Nayala,BFA,,#3d3304
Kouritenga,BFA,,#410e71
Léraba,BFA,,#49475c
Ziro,BFA,,#4f4b04
Poni,BFA,,#562c03
Yatenga,BFA,,#56402d
Noumbiel,BFA,,#697441
Boulgou,BFA,,#6eb3df
Komoé,BFA,,#7431fc
Banwa,BFA,,#7643a2
Loroum,BFA,,#7d6588
Boulkiemdé,BFA,,#8cb5a3
Zondoma,BFA,,#a35288
Kourwéogo,BFA,,#b075a0
Zoundwéogo,BFA,,#b19526
Namentenga,BFA,,#c1ced0
Sourou,BFA,,#c5c948
Ganzourgou,BFA,,#c8b9e4
Séno,BFA,,#ca4b7e
Mou_Houn,BFA,,#caecb5
Oudalan,BFA,,#ccc4c1
Soum,BFA,,#cdfccb
Kompienga,BFA,,#e0d5dc
Sanguié,BFA,,#e4ecdd
Gnagna,BFA,,#ee8bc7
Tuy,BFA,,#f2f3f5
Bazéga,BFA,,#f7f4f9
Yagha,BFA,,#f9f6fd
Bam,BFA,,#fcb755
Balé,BFA,,#fcc1ce
Kadiogo,BFA,,#fdeaf0
Khulna,BGD,,#2c2a2d
Rangpur,BGD,,#313811
Mymensingh,BGD,,#a3a48f
Rajshahi,BGD,,#a7b4c2
Barisal,BGD,,#acaa9d
Dhaka,BGD,,#c8def5
Chittagong,BGD,,#d2cae7
Sylhet,BGD,,#e9d4e6
Blagoevgrad,BGR,,#086d4f
Smolyan,BGR,,#0a7337
Silistra,BGR,,#121743
Pleven,BGR,,#173d4a
Razgrad,BGR,,#271756
Haskovo,BGR,,#38337a
Grad_Sofiya,BGR,,#435e44
Kardzhali,BGR,,#4a2f33
Vidin,BGR,,#4bbd1e
Plovdiv,BGR,,#4d9aaa
Pazardzhik,BGR,,#591a20
Gabrovo,BGR,,#708b91
Yambol,BGR,,#735d4a
Vratsa,BGR,,#7dd6b5
Lovech,BGR,,#8fa116
Ruse,BGR,,#998c66
Dobrich,BGR,,#9ce1cb
Sofia,BGR,,#9e8e71
Stara_Zagora,BGR,,#a7464e
Shumen,BGR,,#abb906
Burgas,BGR,,#ad189e
Pernik,BGR,,#af90a2
Kyustendil,BGR,,#c0c621
Veliko_Tarnovo,BGR,,#d4cdd0
Varna,BGR,,#d8cbcf
Sliven,BGR,,#e5e9ba
Montana,BGR,,#f0fadf
Targovishte,BGR,,#fa71f8
Ash_Shamālīyah,BHR,,#6e5015
Al_Manāmah,BHR,,#869f2e
Al_Janūbīyah,BHR,,#dd4abc
Al_Muḩarraq,BHR,,#ddfae1
Rum_Cay,BHS,,#009582
Bimini,BHS,,#050207
Long_Island,BHS,,#060c19
South_Andros,BHS,,#0b4572
Acklins,BHS,,#0c0b03
Central_Andros,BHS,,#10694d
South_Eleuthera,BHS,,#162523
North_Eleuthera,BHS,,#2f3120
Central_Abaco,BHS,,#3265b1
Ragged_Island,BHS,,#453618
City_of_Freeport,BHS,,#534448
Spanish_Wells,BHS,,#748b8a
Central_Eleuthera,BHS,,#79bc82
Mangrove_Cay,BHS,,#8f9a89
Exuma,BHS,,#96b3b1
East_Grand_Bahama,BHS,,#96f7ad
New_Providence,BHS,,#9ee87d
West_Grand_Bahama,BHS,,#b032f9
Harbour_Island,BHS,,#b4b4b3
North_Abaco,BHS,,#b6919a
Cat_Island,BHS,,#c6ecad
Inagua,BHS,,#c8ae31
Crooked_Island_and_Long_Cay,BHS,,#d1c7e4
South_Abaco,BHS,,#d7b6c2
Berry_Islands,BHS,,#ecebec
North_Andros,BHS,,#ef887e
Moore_s_Island,BHS,,#eff9ea
Black_Point,BHS,,#f6c5e3
San_Salvador,BHS,,#f6f7f7
Mayaguana,BHS,,#f7f7fa
Herzegovina-Neretva,BIH,,#121b14
Canton_10,BIH,,#131312
Posavina,BIH,,#394c5e
Una-Sana,BIH,,#4c280b
Brčko,BIH,,#5e2001
Zenica-Doboj,BIH,,#8587b6
West_Herzegovina,BIH,,#888b88
Serbian_Republic,BIH,,#a0f92c
Bosnian_Podrinje,BIH,,#b4718c
Tuzla,BIH,,#e4f2d3
Sarajevo,BIH,,#ea2fc0
Central_Bosnia,BIH,,#f4eff3
Saint_Barthélemy,BLM,,#5a7566
Minsk,BLR,,#041403
Brest,BLR,,#3a342f
Mahilyow,BLR,,#6f4a61
Hrodna,BLR,,#8869d8
Homyel,BLR,,#b499e0
Minsk_City,BLR,,#ced299
Vitsyebsk,BLR,,#f6c1e1
Cayo,BLZ,,#1caf8e
Orange_Walk,BLZ,,#5e4877
Corozal,BLZ,,#838a86
Belize,BLZ,,#b2ef86
Toledo,BLZ,,#b84af7
Stann_Creek,BLZ,,#c3cdfa
City_of_Saint_George,BMU,,#0dba97
Sandys,BMU,,#1e1722
Smith_s,BMU,,#227131
Pembroke,BMU,,#242f2a
Hamilton,BMU,,#541b6e
Saint_George_s,BMU,,#69baaf
Paget,BMU,,#9bc06f
Southampton,BMU,,#a2b677
Devonshire,BMU,,#e9d2d3
Warwick,BMU,,#faf1b3
City_of_Hamilton,BMU,,#fcf3f6
Chuquisaca,BOL,,#0c0a09
El_Beni,BOL,,#0d1c19
Pando,BOL,,#181849
Potosí,BOL,,#754594
Tarija,BOL,,#949799
Cochabamba,BOL,,#b08cb9
Santa_Cruz,BOL,,#c3a1ee
La_Paz,BOL,,#d9e0fe
Oruro,BOL,,#f8f7f7
Paraíba,BRA,,#0f0e0e
Rio_Grande_do_Norte,BRA,,#180305
Sergipe,BRA,,#27d2c8
Pará,BRA,,#383b39
Goiás,BRA,,#45524a
Rondônia,BRA,,#45c8ae
Amazonas,BRA,,#4d2e4b
Santa_Catarina,BRA,,#4f3308
Amapá,BRA,,#54434d
Maranhão,BRA,,#606920
Pernambuco,BRA,,#677639
Roraima,BRA,,#77a22b
Alagoas,BRA,,#9cdbc0
Paraná,BRA,,#a4c8f5
Distrito_Federal,BRA,,#aad516
Rio_Grande_do_Sul,BRA,,#b7bec4
São_Paulo,BRA,,#c97202
Acre,BRA,,#cccae3
Piauí,BRA,,#d0d2cb
Mato_Grosso_do_Sul,BRA,,#d1dbf8
Minas_Gerais,BRA,,#e6e6f1
Espírito_Santo,BRA,,#efebf2
Rio_de_Janeiro,BRA,,#efedf0
Ceará,BRA,,#f4659b
Bahia,BRA,,#f78adf
Mato_Grosso,BRA,,#fadfcf
Tocantins,BRA,,#fbf1c7
Barbados,BRB,,#677084
Tutong,BRN,,#230a41
Belait,BRN,,#424340
Brunei_and_Muara,BRN,,#953c92
Temburong,BRN,,#f4f7f2
Paro,BTN,,#03c64c
Daga,BTN,,#062321
Tashi_Yangtse,BTN,,#0af357
Bumthang,BTN,,#190932
Mongar,BTN,,#1a1f1e
Samchi,BTN,,#273409
Tongsa,BTN,,#3b9d24
Pemagatsel,BTN,,#52032e
Chhukha,BTN,,#561130
Tashigang,BTN,,#666a79
Chirang,BTN,,#6e4c23
Ha,BTN,,#73419e
Gasa,BTN,,#7af516
Shemgang,BTN,,#a0574b
Lhuntshi,BTN,,#a6fe51
Wangdi_Phodrang,BTN,,#d8eb8e
Geylegphug,BTN,,#ddc4c0
Samdrup_Jongkhar,BTN,,#e225d2
Thimphu,BTN,,#fa2fe4
Punakha,BTN,,#fdfef3
South_East,BWA,,#040405
Jwaneng,BWA,,#0e8405
Southern,BWA,,#163519
Kgatleng,BWA,,#24218e
Lobatse,BWA,,#3e443b
North_East,BWA,,#45334e
Chobe,BWA,,#50d9a1
Orapa,BWA,,#535744
Francistown,BWA,,#5b143e
Ghanzi,BWA,,#8d8576
Ngamiland,BWA,,#8ecda7
Kgalagadi,BWA,,#a9ccd2
Sowa,BWA,,#ce4d93
Selebi_Phikwe,BWA,,#d1d2d6
Central,BWA,,#e2d5d6
Kweneng,BWA,,#e2e2a5
Gaborone,BWA,,#ede286
Haut_Mbomou,CAF,,#03051a
Mambéré_Kadéï,CAF,,#142910
Mbomou,CAF,,#292491
Vakaga,CAF,,#353956
Bamingui_Bangoran,CAF,,#375d2e
Haute_Kotto,CAF,,#3e5718
Bangui,CAF,,#422f3c
Basse_Kotto,CAF,,#75796e
Sangha_Mbaéré,CAF,,#880f62
Nana_Mambéré,CAF,,#949393
Lobaye,CAF,,#a6b394
Ouham,CAF,,#bc83ec
Ouaka,CAF,,#c0c3bc
Kémo,CAF,,#d2cbd0
Nana_Grébizi,CAF,,#d56ed4
Ombella_M_Poko,CAF,,#dbdedd
Ouham_Pendé,CAF,,#de535d
Alberta,CAN,,#036608
Ontario,CAN,,#085d3e
New_Brunswick,CAN,,#0a0a09
Northwest_Territories,CAN,,#182f45
Nunavut,CAN,,#83f6df
Saskatchewan,CAN,,#a7aa2f
Yukon,CAN,,#c47190
Newfoundland_and_Labrador,CAN,,#d0f3ec
Manitoba,CAN,,#dddbda
Québec,CAN,,#e3ace1
Prince_Edward_Island,CAN,,#e4f2f7
British_Columbia,CAN,,#ed12d1
Nova_Scotia,CAN,,#edf2f8
Appenzell_Ausserrhoden,CHE,,#000000
Fribourg,CHE,,#000101
Jura,CHE,,#020303
Thurgau,CHE,,#023ec7
Basel-Landschaft,CHE,,#05153e
Valais,CHE,,#060501
Lucerne,CHE,,#0f1212
Zug,CHE,,#0fac29
Sankt_Gallen,CHE,,#242916
Solothurn,CHE,,#2e6379
Genève,CHE,,#304677
Neuchâtel,CHE,,#315c11
Appenzell_Innerrhoden,CHE,,#5375c4
Ticino,CHE,,#5a43a4
Obwalden,CHE,,#96b95e
Zürich,CHE,,#a39d7e
Schwyz,CHE,,#a6b3af
Uri,CHE,,#bd6e84
Graubünden,CHE,,#ccf0c1
Glarus,CHE,,#ce0781
Bern,CHE,,#d396f3
Aargau,CHE,,#e28a85
Basel-Stadt,CHE,,#f059dc
Nidwalden,CHE,,#f405f1
Vaud,CHE,,#f4e5d5
Schaffhausen,CHE,,#f7f1fa
La_Araucanía,CHL,,#0f0606
Los_Ríos,CHL,,#1f1f28
Coquimbo,CHL,,#20c9ab
Libertador_General_Bernardo_O_Higgins,CHL,,#262727
Tarapacá,CHL,,#2e7fa5
Valparaíso,CHL,,#4f2914
Bío_Bío,CHL,,#663433
Atacama,CHL,,#6f2cdf
Aisén_del_General_Carlos_Ibáñez_del_Campo,CHL,,#869e75
Arica_y_Parinacota,CHL,,#97c4bb
Ñuble,CHL,,#a9c2c1
Magallanes_y_Antártica_Chilena,CHL,,#bc9ac1
Los_Lagos,CHL,,#bff8bf
Antofagasta,CHL,,#dfb9b4
Maule,CHL,,#e95e85
Región_Metropolitana_de_Santiago,CHL,,#fef9f7
Guangxi,CHN,,#080d0b
Ningxia,CHN,,#0d2026
Liaoning,CHN,,#0f035c
Gansu,CHN,,#160118
Fujian,CHN,,#1657cd
Heilongjiang,CHN,,#1f2e11
Sichuan,CHN,,#2c3803
Tianjin,CHN,,#31780b
Guizhou,CHN,,#3d3540
Guangdong,CHN,,#4d0a48
Shanxi,CHN,,#4f5f68
Inner_Mongol,CHN,,#5667a1
Qinghai,CHN,,#56bbcd
Xizang,CHN,,#59e092
Xinjiang,CHN,,#73eb52
Jiangsu,CHN,,#7e7caf
Hebei,CHN,,#853ed5
Hainan,CHN,,#955f2a
Shanghai,CHN,,#ab1a95
Hunan,CHN,,#b4d07d
Yunnan,CHN,,#b592c3
Henan,CHN,,#bcae85
Shaanxi,CHN,,#ce4705
Shandong,CHN,,#d3afa2
Jilin,CHN,,#d5cdc8
Anhui,CHN,,#def79a
Beijing,CHN,,#e572df
Chongqing,CHN,,#e6adf4
Hubei,CHN,,#e7ea81
Jiangxi,CHN,,#f6c85b
Zhejiang,CHN,,#f7e0eb
Zanzan,CIV,,#031601
Montagnes,CIV,,#0fae6d
Vallée_du_Bandama,CIV,,#3fe6a5
Bas-Sassandra,CIV,,#68449d
Lagunes,CIV,,#9a9399
Woroba,CIV,,#9eaaf1
Lacs,CIV,,#c0ca57
Savanes,CIV,,#c433a7
Denguélé,CIV,,#c4ecb3
Gôh_Djiboua,CIV,,#cdb2db
Abidjan,CIV,,#d0d1a8
Sassandra_Marahoué,CIV,,#d5abe0
Moyen-Comoe,CIV,,#fcfcfb
Yamoussoukro,CIV,,#fcfdfc
Est,CMR,,#39dcac
Littoral,CMR,,#403241
Ouest,CMR,,#4e8d10
Sud,CMR,,#6e664d
Extrême_Nord,CMR,,#758956
Sud_Ouest,CMR,,#8c33b6
Nord_Ouest,CMR,,#b6c0a9
Centre,CMR,,#bf8d22
Adamaoua,CMR,,#d6f9d9
Nord,CMR,,#fdf9f6
Tanganyika,COD,,#021525
Nord_Kivu,COD,,#05060a
Kwango,COD,,#085346
Kongo_Central,COD,,#0a450c
Kasaï_Central,COD,,#0c391f
Ituri,COD,,#102f2b
Kasaï,COD,,#172f00
Nord_Ubangi,COD,,#196092
Kasaï_Oriental,COD,,#2e4e9f
Bas_Uele,COD,,#333e23
Sankuru,COD,,#3a68cf
Tshuapa,COD,,#528ca7
Mongala,COD,,#6cd7c2
Kinshasa,COD,,#b1afbc
Lomami,COD,,#b489ca
Haut_Katanga,COD,,#b6d7c9
Maniema,COD,,#bdccc4
Tshopo,COD,,#c0bfc0
Lualaba,COD,,#e293f6
Équateur,COD,,#eb6210
Haut_Uele,COD,,#ececb9
Mai_Ndombe,COD,,#efe0f1
Haut_Lomami,COD,,#f2f3f9
Sud_Kivu,COD,,#f8fbf0
Kwilu,COD,,#fb8572
Sud_Ubangi,COD,,#fcefeb
Cuvette_Ouest,COG,,#051ed8
Pointe_Noire,COG,,#111702
Plateaux,COG,,#565d6b
Kouilou,COG,,#7842b5
Cuvette,COG,,#7a6969
Brazzaville,COG,,#af3dc8
Niari,COG,,#c9f8e2
Lékoumou,COG,,#d24dab
Bouenza,COG,,#d4f596
Likouala,COG,,#e28f45
Sangha,COG,,#eeb34d
Pool,COG,,#f2c0f5
Cook_Islands,COK,,#36303b
Vichada,COL,,#000000
Tolima,COL,,#010003
Huila,COL,,#041731
San_Andrés_y_Providencia,COL,,#055e35
Bolívar,COL,,#060911
Valle_del_Cauca,COL,,#0b0310
Atlántico,COL,,#0f2cc0
Quindío,COL,,#110b02
Putumayo,COL,,#239365
Caldas,COL,,#24401b
Cundinamarca,COL,,#297f82
Guainía,COL,,#3e4b16
Guaviare,COL,,#4d3d86
Amazonas,COL,,#4e1b13
Norte_de_Santander,COL,,#565946
Córdoba,COL,,#672665
Santander,COL,,#92480d
Bogota,COL,,#a6e7b1
Cesar,COL,,#b6cdc3
Risaralda,COL,,#b78346
Antioquia,COL,,#bad392
Casanare,COL,,#c0c867
Meta,COL,,#c4a9e8
Sucre,COL,,#d1a6cb
La_Guajira,COL,,#dae5d2
Caquetá,COL,,#dbf497
Boyacá,COL,,#deea8b
Vaupés,COL,,#e2e0e3
Arauca,COL,,#e59b84
Magdalena,COL,,#e972a7
Chocó,COL,,#fbe6d0
Nariño,COL,,#fbfef7
Cauca,COL,,#fcf2f1
Andjazîdja,COM,,#030203
Moûhîlî,COM,,#4f3000
Andjouân,COM,,#85abf0
Porto_Novo,CPV,,#010100
Sal,CPV,,#060a0b
São_Vicente,CPV,,#0bb8be
Ribeira_Brava,CPV,,#131213
Santa_Catarina,CPV,,#1f3e31
Santa_Catarina_do_Fogo,CPV,,#227215
Tarrafal,CPV,,#333a94
Mosteiros,CPV,,#338506
Santa_Cruz,CPV,,#475852
São_Filipe,CPV,,#499896
São_Salvador_do_Mundo,CPV,,#549332
São_Miguel,CPV,,#54e97e
São_Domingos,CPV,,#61a411
Paul,CPV,,#699e77
Boa_Vista,CPV,,#6c6c6d
Brava,CPV,,#745767
Tarrafal_de_São_Nicolau,CPV,,#869659
Ribeira_Grande,CPV,,#cf4a16
Ribeira_Grande_de_Santiago,CPV,,#e73068
Maio,CPV,,#ecb2f1
Praia,CPV,,#fbfbf8
São_Lourenço_dos_Órgãos,CPV,,#fdb9b4
Limón,CRI,,#167734
Alajuela,CRI,,#725b88
Heredia,CRI,,#8912b5
Cartago,CRI,,#a99cd3
Guanacaste,CRI,,#bce2e9
Puntarenas,CRI,,#d3d25a
San_José,CRI,,#ec8205
Guantánamo,CUB,,#0c5f54
Las_Tunas,CUB,,#1f1c18
Ciego_de_Ávila,CUB,,#202015
Ciudad_de_la_Habana,CUB,,#33366c
Holguín,CUB,,#3a1530
Villa_Clara,CUB,,#612a43
Mayabeque,CUB,,#6b1416
Santiago_de_Cuba,CUB,,#a6cefb
Pinar_del_Río,CUB,,#acfdbf
Isla_de_la_Juventud,CUB,,#c1f2e7
Granma,CUB,,#cee5f7
Camagüey,CUB,,#dbf2f2
Cienfuegos,CUB,,#e6d9f2
Artemisa,CUB,,#e95b4c
Sancti_Spíritus,CUB,,#f8fcf3
Matanzas,CUB,,#fba2b9
Curaçao,CUW,,#8f8fee
Cayman_Islands,CYM,,#7695a5
Larnaca,CYP,,#201c73
Nicosia,CYP,,#2e4a51
Dhekelia,CYP,,#581320
Famagusta,CYP,,#6c261b
Akrotiri,CYP,,#83b0bc
Northern_Cyprus,CYP,,#b39f1a
Limassol,CYP,,#ebdb72
Paphos,CYP,,#edfdd6
Jihoceský,CZE,,#056b00
Zlínský,CZE,,#15201e
Liberecký,CZE,,#201a15
Prague,CZE,,#271827
Pardubický,CZE,,#2d8c0f
Královéhradecký,CZE,,#4ca75f
Plzenský,CZE,,#629d63
Stredoceský,CZE,,#687702
Vysocina,CZE,,#978f88
Moravskoslezský,CZE,,#abc9da
Olomoucký,CZE,,#afe679
Karlovarský,CZE,,#c7a7d4
Jihomoravský,CZE,,#cad7e1
Ústecký,CZE,,#d3ef98
Berlin,DEU,,#007d29
Sachsen-Anhalt,DEU,,#0a1427
Niedersachsen,DEU,,#0f7e82
Hamburg,DEU,,#455447
Rheinland-Pfalz,DEU,,#61e8b0
Sachsen,DEU,,#837740
Saarland,DEU,,#987f5f
Baden-Württemberg,DEU,,#afbbae
Schleswig-Holstein,DEU,,#bccdd5
Brandenburg,DEU,,#c7fef7
Bayern,DEU,,#da4153
Bremen,DEU,,#db98e3
Thüringen,DEU,,#f1f5fa
Mecklenburg-Vorpommern,DEU,,#fbdce3
Hessen,DEU,,#fbeaec
Nordrhein-Westfalen,DEU,,#fcf6eb
Arta,DJI,,#000003
Obock,DJI,,#2e2f08
Ali_Sabieh,DJI,,#5d63d2
Dikhil,DJI,,#60e637
Tadjourah,DJI,,#c2a8e5
Djibouti,DJI,,#edfce9
Dominica,DMA,,#dfe0ab
Sjælland,DNK,,#9a1192
Eysturoyar,DNK,,#bfb7aa
Syddanmark,DNK,,#c7f6d6
Hovedstaden,DNK,,#d4ebe1
Midtjylland,DNK,,#e1ead7
Nordjylland,DNK,,#e8c9d8
Dajabón,DOM,,#000305
Santo_Domingo,DOM,,#023b2f
Bahoruco,DOM,,#050204
La_Altagracia,DOM,,#05020d
Samaná,DOM,,#060d09
San_Cristóbal,DOM,,#0b2a40
Espaillat,DOM,,#190b06
San_Pedro_de_Macorís,DOM,,#20a727
San_Juan,DOM,,#282215
Azua,DOM,,#364d00
Sánchez_Ramírez,DOM,,#546803
Monte_Cristi,DOM,,#54ad61
Puerto_Plata,DOM,,#580c61
Santiago_Rodríguez,DOM,,#5b7d00
Peravia,DOM,,#626113
La_Vega,DOM,,#659b56
Duarte,DOM,,#69345d
San_José_de_Ocoa,DOM,,#753d9c
Hato_Mayor,DOM,,#75432a
La_Romana,DOM,,#7b7c7e
La_Estrelleta,DOM,,#924621
Monte_Plata,DOM,,#9d0469
Pedernales,DOM,,#a88e13
Valverde,DOM,,#b9106b
Monseñor_Nouel,DOM,,#bc0760
Barahona,DOM,,#ccbef1
El_Seybo,DOM,,#dacae7
Distrito_Nacional,DOM,,#efeced
María_Trinidad_Sánchez,DOM,,#efeff2
Hermanas,DOM,,#f5eae8
Independencia,DOM,,#f8f7fa
Santiago,DOM,,#fdfafc
Tizi_Ouzou,DZA,,#000000
Guelma,DZA,,#002b16
Skikda,DZA,,#031d1e
Tindouf,DZA,,#040706
Bordj_Bou_Arréridj,DZA,,#0c4041
Oum_el_Bouaghi,DZA,,#0d0f52
Tipaza,DZA,,#0d1513
Tissemsilt,DZA,,#0e050d
Aïn_Témouchent,DZA,,#0ffc31
In_Salah,DZA,,#16a4cd
Annaba,DZA,,#171c15
Aïn_Defla,DZA,,#21beb4
Béchar,DZA,,#26efed
In_Guezzam,DZA,,#2c272b
Tébessa,DZA,,#396841
Mascara,DZA,,#3ca62b
Tamanghasset,DZA,,#3d6447
El_Menia,DZA,,#3e5541
Tiaret,DZA,,#461543
Touggourt,DZA,,#463125
Tlemcen,DZA,,#4e4f4f
Chlef,DZA,,#5db4a7
Timimoun,DZA,,#5eeb3e
Djanet,DZA,,#5f6023
Sidi_Bel_Abbès,DZA,,#60c7b9
Oran,DZA,,#686f68
Illizi,DZA,,#6e4f05
Bordj_Baji_Mokhtar,DZA,,#6e88db
Mila,DZA,,#721764
Jijel,DZA,,#7a3b77
Sétif,DZA,,#7b3b18
Béjaïa,DZA,,#7c75d6
Constantine,DZA,,#834074
Adrar,DZA,,#8966a9
Ghardaïa,DZA,,#8e8789
M_Sila,DZA,,#90cceb
Khenchela,DZA,,#950205
Relizane,DZA,,#97eef6
Alger,DZA,,#9a54d5
Ouargla,DZA,,#9a69f4
Mostaganem,DZA,,#9e5b33
Naâma,DZA,,#b2b7e7
El_Tarf,DZA,,#b495ec
Ouled_Djellal,DZA,,#b4a1d8
Médéa,DZA,,#c017b6
Souk_Ahras,DZA,,#c29b93
Batna,DZA,,#ce8bd8
Biskra,DZA,,#cea1cb
Béni_Abbès,DZA,,#d29895
Bouira,DZA,,#d2dccf
Saïda,DZA,,#ecc683
El_Bayadh,DZA,,#edf2eb
Blida,DZA,,#edfec5
Djelfa,DZA,,#f1f1f2
El_M_Ghair,DZA,,#f69795
Boumerdès,DZA,,#f829f6
Laghouat,DZA,,#f9fafe
El_Oued,DZA,,#fce0b3
Loja,ECU,,#01e074
Zamora_Chinchipe,ECU,,#0a0f0e
Sucumbios,ECU,,#0c1521
Pastaza,ECU,,#0f080c
Pichincha,ECU,,#111816
Tungurahua,ECU,,#171910
Guayas,ECU,,#1b1618
Imbabura,ECU,,#201303
Santa_Elena,ECU,,#232b1e
Santo_Domingo_de_los_Tsáchilas,ECU,,#4e1344
Manabi,ECU,,#752bd0
Carchi,ECU,,#92c2f7
Azuay,ECU,,#95a5b2
Bolivar,ECU,,#9caab5
Esmeraldas,ECU,,#9dc679
Chimborazo,ECU,,#b55ca6
El_Oro,ECU,,#d6e5e1
Los_Rios,ECU,,#e5cccc
Cotopaxi,ECU,,#f4d7ec
Napo,ECU,,#f968fb
Orellana,ECU,,#fbd5fe
Morona_Santiago,ECU,,#fbeaea
Galápagos,ECU,,#fbf4f0
Cañar,ECU,,#fcc2bf
Janub_Sina_,EGY,,#06211e
Bani_Suwayf,EGY,,#1a0821
Ash_Sharqiyah,EGY,,#1d2100
Shamal_Sina_,EGY,,#2a2b6d
Dumyat,EGY,,#343641
Al_Iskandariyah,EGY,,#3d3f42
Kafr_ash_Shaykh,EGY,,#403e3b
Luxor,EGY,,#408485
Al_Qahirah,EGY,,#48714f
Qina,EGY,,#532ac7
Bur_Sa_id,EGY,,#738047
Al_Buhayrah,EGY,,#7cdb85
Al_Bahr_al_Ahmar,EGY,,#806535
Al_Minufiyah,EGY,,#879037
As_Suways,EGY,,#88c439
Al_Isma_iliyah,EGY,,#959594
Al_Fayyum,EGY,,#9bac97
Al_Jizah,EGY,,#d4c249
Suhaj,EGY,,#d5c9e8
Al_Wadi_at_Jadid,EGY,,#d7b6bf
Ad_Daqahliyah,EGY,,#e99784
Al_Gharbiyah,EGY,,#f1eae8
Al_Minya,EGY,,#fa97ca
Aswan,EGY,,#fbfbfe
Asyut,EGY,,#fcfbf7
Al_Qalyubiyah,EGY,,#fde896
Matruh,EGY,,#fdfcfc
Maekel,ERI,,#238a39
Debubawi_Keyih_Bahri,ERI,,#295207
Gash_Barka,ERI,,#34db4c
Debub,ERI,,#b37ed5
Anseba,ERI,,#d1fbcc
Semenawi_Keyih_Bahri,ERI,,#fafafd
Western_Sahara,ESH,,#f89be3
Comunidad_de_Madrid,ESP,,#000000
La_Rioja,ESP,,#010001
Extremadura,ESP,,#07302b
Andalucía,ESP,,#0a41b1
Comunidad_Valenciana,ESP,,#402766
Cataluña,ESP,,#594542
País_Vasco,ESP,,#5d1855
Canary_Islands,ESP,,#70d368
Cantabria,ESP,,#867161
Comunidad_Foral_de_Navarra,ESP,,#93e22d
Islas_Baleares,ESP,,#a64b33
Aragón,ESP,,#a81bcc
Principado_de_Asturias,ESP,,#becae7
Galicia,ESP,,#c5ded1
Región_de_Murcia,ESP,,#eeeeef
Ceuta,ESP,,#eff8fc
Castilla-La_Mancha,ESP,,#f5faf9
Castilla_y_León,ESP,,#f78946
Melilla,ESP,,#f8eae5
Valga,EST,,#0d1616
Saare,EST,,#234904
Hiiu,EST,,#2b4015
Pärnu,EST,,#2f2e2c
Viljandi,EST,,#64fbc0
Lääne,EST,,#65fd36
Põlva,EST,,#71886b
Ida-Viru,EST,,#a1cbf2
Tartu,EST,,#b5390e
Võru,EST,,#c9e6e4
Lääne-Viru,EST,,#cf8eba
Järva,EST,,#e9d6e8
Jõgeva,EST,,#ebdddc
Rapla,EST,,#efe3f8
Harju,EST,,#fc2d59
Tigray,ETH,,#14efd3
Gambela_Peoples,ETH,,#514045
Oromiya,ETH,,#68c32c
Amhara,ETH,,#70194c
Harari_People,ETH,,#8ec97c
Somali,ETH,,#a2ca29
Southern_Nations__Nationalities_and_Peoples,ETH,,#adf59e
Addis_Ababa,ETH,,#b17093
Dire_Dawa,ETH,,#bdf93c
Benshangul_Gumaz,ETH,,#e9eae9
Sidama,ETH,,#f1e9f6
Afar,ETH,,#f3ece8
South_West_Ethiopia_Peoples,ETH,,#f4e1cd
Pirkanmaa,FIN,,#0e050c
North_Karelia,FIN,,#130906
Uusimaa,FIN,,#160605
Southern_Savonia,FIN,,#1adb39
Northern_Savonia,FIN,,#24512d
Central_Ostrobothnia,FIN,,#2f6225
Åland_Islands,FIN,,#309d47
Southern_Ostrobothnia,FIN,,#3d0e21
Kymenlaakso,FIN,,#4f3b50
Päijät_Häme,FIN,,#83a49a
Tavastia_Proper,FIN,,#853c43
Central_Finland,FIN,,#8b2043
Satakunta,FIN,,#9c3d8b
Finland_Proper,FIN,,#9d9854
Kainuu,FIN,,#c0785f
Ostrobothnia,FIN,,#dddcdc
South_Karelia,FIN,,#e57976
Northern_Ostrobothnia,FIN,,#f4e3ec
Lapland,FIN,,#f8f47d
Rotuma,FJI,,#000000
Eastern,FJI,,#235433
Western,FJI,,#56f845
Central,FJI,,#fcfbfb
Northern,FJI,,#fda8c2
Falkland_Islands,FLK,,#eef8fd
Grand_Est,FRA,,#000407
Bourgogne-Franche-Comté,FRA,,#041727
Occitanie,FRA,,#05335a
Île-de-France,FRA,,#080902
Nouvelle-Aquitaine,FRA,,#115c49
Auvergne-Rhône-Alpes,FRA,,#12303f
Centre-Val_de_Loire,FRA,,#3f4a47
Pays_de_la_Loire,FRA,,#502130
La_Réunion,FRA,,#824809
Guadeloupe,FRA,,#855261
Bretagne,FRA,,#98274a
Provence-Alpes-Côte-d_Azur,FRA,,#a5faf5
Mayotte,FRA,,#cbd9ee
Normandy,FRA,,#d6e8e9
Martinique,FRA,,#e86161
Hauts-de-France,FRA,,#f6fbfb
Corsica,FRA,,#f94e5a
Chuuk,FSM,,#2e0c6b
Kosrae,FSM,,#362e1b
Yap,FSM,,#484d4c
Pohnpei,FSM,,#dff4f2
Ngounié,GAB,,#131516
Wouleu_Ntem,GAB,,#4fcc58
Ogooué_Ivindo,GAB,,#541ab5
Ogooué_Maritime,GAB,,#720b2f
Haut_Ogooué,GAB,,#797ff0
Nyanga,GAB,,#a3bb84
Moyen_Ogooué,GAB,,#d9e8ee
Ogooué_Lolo,GAB,,#e2f0df
Estuaire,GAB,,#f5f9f2
Moray,GBR,,#000000
Herefordshire,GBR,,#010c20
Newport,GBR,,#01140a
Warrington,GBR,,#019ca6
Swindon,GBR,,#020909
Somerset,GBR,,#043b19
Kingston_upon_Hull,GBR,,#08050a
North_Somerset,GBR,,#080b06
North_East_Lincolnshire,GBR,,#0b120b
Belfast,GBR,,#0c0e11
Conwy,GBR,,#0d0859
Buckinghamshire,GBR,,#0e5e65
Dorset,GBR,,#0f0261
Dumfries_and_Galloway,GBR,,#100f10
Brighton_and_Hove,GBR,,#1067c9
Thurrock,GBR,,#113860
Stirling,GBR,,#137457
Durham,GBR,,#146112
Suffolk,GBR,,#15a1b2
Lisburn_City_and_Castlereagh,GBR,,#165663
South_Yorkshire,GBR,,#170746
Medway,GBR,,#173c54
Na_hʼEileanan_Siar,GBR,,#174352
Caerphilly,GBR,,#18570a
Luton,GBR,,#1c1c5b
Southampton,GBR,,#1e687d
Edinburgh,GBR,,#20c77a
East_Dunbartonshire,GBR,,#212144
West_Yorkshire,GBR,,#2274b9
North_Lanarkshire,GBR,,#240130
Gloucestershire,GBR,,#261c1b
Newry_City_Mourne_and_Down,GBR,,#268967
Blackpool,GBR,,#270a3b
North_Yorkshire,GBR,,#293070
Scottish_Borders,GBR,,#29d225
Cardiff,GBR,,#2bc2b9
Bath_and_North_East_Somerset,GBR,,#302d40
Causeway_Coast_and_Glens,GBR,,#303135
West_Midlands,GBR,,#31240c
Highland,GBR,,#363947
East_Sussex,GBR,,#365d37
Clackmannanshire,GBR,,#380774
Nottinghamshire,GBR,,#384a50
Stoke-on-Trent,GBR,,#393f44
Leicester,GBR,,#394035
Northumberland,GBR,,#3d2f1e
Aberdeen,GBR,,#3e2135
North_Ayshire,GBR,,#3f161d
Inverclyde,GBR,,#45020a
South_Lanarkshire,GBR,,#487348
Carmarthenshire,GBR,,#4a9f24
Renfrewshire,GBR,,#4be8d8
North_Down_and_Ards,GBR,,#4e6d75
Telford_and_Wrekin,GBR,,#527d6b
Lancashire,GBR,,#544ca1
Leicestershire,GBR,,#592c5f
Shropshire,GBR,,#5d5970
Darlington,GBR,,#5f90e2
Vale_of_Glamorgan,GBR,,#615e60
London_Unitary_Authorities,GBR,,#66b11c
Nottingham,GBR,,#6a717b
Wrexham,GBR,,#6b926c
Perth_and_Kinross,GBR,,#6e6b6e
Stockton-on-Tees,GBR,,#70c9e3
Poole,GBR,,#710657
Angus,GBR,,#756aa7
Tyne_and_Wear,GBR,,#76f9e8
Anglesey,GBR,,#774e60
Glasgow,GBR,,#7d6267
Rhondda_Cynon_Taff,GBR,,#7e813a
Isle_of_Wight,GBR,,#7ee5ac
East_Riding_of_Yorkshire,GBR,,#7f4862
Berkshire,GBR,,#81707a
West_Sussex,GBR,,#825755
Derbyshire,GBR,,#8289cd
Gibraltar,GBR,,#82c9dd
Bedfordshire,GBR,,#847b7e
North_Lincolnshire,GBR,,#885da0
East_Renfrewshire,GBR,,#8b709f
West_Lothian,GBR,,#903d7d
Cambridgeshire,GBR,,#90bf92
Monmouthshire,GBR,,#936a80
Middlesbrough,GBR,,#9396d0
Rutland,GBR,,#9ab093
Redcar_and_Cleveland,GBR,,#9cc5f3
Blaenau_Gwent,GBR,,#9dfc95
Peterborough,GBR,,#9e9f18
Warwickshire,GBR,,#9ecdc2
Torbay,GBR,,#9fc90e
Merthyr_Tydfil,GBR,,#a344b1
Wirral,GBR,,#a51682
Blackburn_with_Darwen,GBR,,#a8aaa1
Bournemouth,GBR,,#a8b4a7
Aberdeenshire,GBR,,#a9aca3
Falkirk,GBR,,#aa6e51
Plymouth,GBR,,#abe5f8
Flintshire,GBR,,#ac24eb
Gwynedd,GBR,,#acc2dd
Portsmouth,GBR,,#b09595
Norfolk,GBR,,#b0a693
Wiltshire,GBR,,#b0d1cc
Pembrokeshire,GBR,,#b384a9
Surrey,GBR,,#b8b9bb
Merseyside,GBR,,#bab297
West_Dunbartonshire,GBR,,#bad051
Ceredigion,GBR,,#bba2a6
Powys,GBR,,#bc6b55
Shetland_Islands,GBR,,#bdfcc9
Manchester,GBR,,#bebcb7
Essex,GBR,,#c1bfea
East_Lothian,GBR,,#c6d7ed
Hampshire,GBR,,#c8da91
Cornwall,GBR,,#c932ef
York,GBR,,#cbdacb
Southend-on-Sea,GBR,,#cc139a
Oxfordshire,GBR,,#ccb2ab
Bristol,GBR,,#cf9c60
Hartlepool,GBR,,#d0f4bd
Cheshire,GBR,,#d1e0e2
Kent,GBR,,#d2d0c7
Worcestershire,GBR,,#ddd9e4
Derry_City_and_Strabane,GBR,,#dfe3de
Cumbria,GBR,,#e4f1ec
Mid_and_East_Antrim,GBR,,#e5ecf4
Torfaen,GBR,,#e6f4d1
Devon,GBR,,#e6fbd2
South_Gloucestershire,GBR,,#eb7679
Denbighshire,GBR,,#eeebec
South_Ayrshire,GBR,,#efe2e6
Bridgend,GBR,,#f1f5fa
Argyll_and_Bute,GBR,,#f1fceb
Dundee,GBR,,#f1fcf6
Orkney_Islands,GBR,,#f2f1bb
Swansea,GBR,,#f3f1f8
Midlothian,GBR,,#f3f5f0
Neath_Port_Talbot,GBR,,#f5b18c
Milton_Keynes,GBR,,#f7f0e2
Hertfordshire,GBR,,#f9f0ee
Fermanagh_and_Omagh,GBR,,#fab3d3
Derby,GBR,,#faf9fa
Armagh_City_Banbridge_and_Craigavon,GBR,,#fafbfa
East_Ayrshire,GBR,,#fba8cb
Northamptonshire,GBR,,#fbbcac
Staffordshire,GBR,,#fbeaf4
Mid_Ulster,GBR,,#fbfcfe
Lincolnshire,GBR,,#fcc4fd
Fife,GBR,,#fcfbf7
Antrim_and_Newtownabbey,GBR,,#febdf2
Mtskheta-Mtianeti,GEO,,#111216
Samegrelo-Zemo_Svaneti,GEO,,#282b1c
Kakheti,GEO,,#332200
Racha-Lechkhumi-Kvemo_Svaneti,GEO,,#382419
Ajaria,GEO,,#502143
Shida_Kartli,GEO,,#58cce5
Tbilisi,GEO,,#8b8b8b
Imereti,GEO,,#b1a5b6
Abkhazia,GEO,,#c7eee6
Guria,GEO,,#d9caca
Kvemo_Kartli,GEO,,#eed5e5
Samtskhe-Javakheti,GEO,,#fbf9f8
Bono,GHA,,#000101
Volta,GHA,,#051112
Savannah,GHA,,#522f6a
North_East,GHA,,#6b6380
Bono_East,GHA,,#948198
Western_North,GHA,,#95cdf0
Ahafo,GHA,,#acc8d9
Eastern,GHA,,#c2bbbf
Central,GHA,,#c5caca
Greater_Accra,GHA,,#c6d7f1
Upper_West,GHA,,#cc93f0
Northern,GHA,,#d8cec5
Ashanti,GHA,,#d9ece1
Oti,GHA,,#f0f6f7
Western,GHA,,#f3f5e6
Upper_East,GHA,,#f6fbfa
Labé,GIN,,#000301
Lélouma,GIN,,#015b80
Kankan,GIN,,#090a09
Yomou,GIN,,#0a3377
Lola,GIN,,#131e13
Télimélé,GIN,,#131f00
Macenta,GIN,,#142811
Kissidougou,GIN,,#16248f
Koundara,GIN,,#1a6975
Dinguiraye,GIN,,#283b1c
Dabola,GIN,,#2b1c43
Gaoual,GIN,,#2b2b24
Mali,GIN,,#451431
Forécariah,GIN,,#522783
Siguiri,GIN,,#5a635a
Coyah,GIN,,#60193f
Boffa,GIN,,#666c71
Conakry,GIN,,#8c8184
Nzérékoré,GIN,,#8cf9c4
Tougué,GIN,,#90709f
Faranah,GIN,,#ab9332
Kindia,GIN,,#acacab
Dalaba,GIN,,#b0a8b1
Pita,GIN,,#b3d4a1
Kouroussa,GIN,,#c5b7c8
Fria,GIN,,#c5e0fa
Dubréka,GIN,,#cceaef
Guéckédou,GIN,,#d7f2e6
Mamou,GIN,,#daf4f7
Boke,GIN,,#e3efa8
Beyla,GIN,,#e7f5fa
Koubia,GIN,,#eefeeb
Mandiana,GIN,,#f4f5f9
Kérouané,GIN,,#f7e8e6
North_Bank,GMB,,#586054
Upper_River,GMB,,#6cc087
Central_River,GMB,,#c42b6c
Lower_River,GMB,,#d3e9e0
Banjul,GMB,,#dff3ca
West_Coast,GMB,,#fdfbf4
Bafatá,GNB,,#1a231d
Cacheu,GNB,,#3bfe80
Tombali,GNB,,#47622b
Biombo,GNB,,#4e4b21
Oio,GNB,,#5a6039
Bolama,GNB,,#7f4072
Gabú,GNB,,#878786
Quinara,GNB,,#cac4d5
Bissau,GNB,,#d698ef
Kié_Ntem,GNQ,,#09090e
Djobloho,GNQ,,#0e337d
Bioko_Sur,GNQ,,#543fc2
Litoral,GNQ,,#5f8669
Bioko_Norte,GNQ,,#75425b
Centro_Sur,GNQ,,#9092e1
Annobón,GNQ,,#a8de25
Wele_Nzás,GNQ,,#cffa4b
South_Aegean,GRC,,#080409
Western_Macedonia,GRC,,#3104d7
Peloponnisos,GRC,,#343c43
Attiki,GRC,,#49a1d8
Thessalia,GRC,,#599c23
Ionioi_Nisoi,GRC,,#928875
Stereá_Elláda,GRC,,#a8a0cb
Eastern_Macedonia_and_Thrace,GRC,,#baafb4
Ipeiros,GRC,,#ccc0b9
Agion_Oros,GRC,,#d7d968
Western_Greece,GRC,,#f0f0f5
Crete,GRC,,#f3ddc4
Central_Macedonia,GRC,,#fcf8f3
North_Aegean,GRC,,#fcfdfd
Grenada,GRD,,#2a0916
Avannaata,GRL,,#1c191e
Pituffik,GRL,,#5a93e1
Qeqqata_Kommunia,GRL,,#77057c
Kommuneqarfik_Sermersooq,GRL,,#bb33fa
Kommune_Kujalleq,GRL,,#c677c5
Qeqertalik,GRL,,#c9e6e4
Nationalparken,GRL,,#faf5f3
Retalhuleu,GTM,,#030a0e
Sololá,GTM,,#051614
Guatemala,GTM,,#09041f
Alta_Verapaz,GTM,,#0d1212
Chiquimula,GTM,,#222927
Quiché,GTM,,#446b1e
Totonicapán,GTM,,#47b132
Petén,GTM,,#54533f
Baja_Verapaz,GTM,,#5833fa
Quezaltenango,GTM,,#6c0140
Zacapa,GTM,,#83aaaa
Jutiapa,GTM,,#919192
Huehuetenango,GTM,,#93bb72
Jalapa,GTM,,#9ec0e7
Chimaltenango,GTM,,#a4919d
Suchitepéquez,GTM,,#a8b9b0
Escuintla,GTM,,#aedbc2
San_Marcos,GTM,,#e4e5e4
Santa_Rosa,GTM,,#e6fdfc
Sacatepéquez,GTM,,#ecf2f5
El_Progreso,GTM,,#f2d1cd
Izabal,GTM,,#fef9fe
Guyane_française,GUF,,#b5c98a
Guam,GUM,,#071240
Upper_Takutu_Upper_Essequibo,GUY,,#080b00
Mahaica_Berbice,GUY,,#83458e
Barima_Waini,GUY,,#a093bc
Potaro_Siparuni,GUY,,#a9fec3
Demerara_Mahaica,GUY,,#b4b9b6
East_Berbice_Corentyne,GUY,,#b7182b
Cuyuni_Mazaruni,GUY,,#be74c6
Pomeroon_Supenaam,GUY,,#ccc4f7
Upper_Demerara_Berbice,GUY,,#fb6308
Essequibo_Islands_West_Demerara,GUY,,#fd72f2
Tuen_Mun,HKG,,#050704
Wan_Chai,HKG,,#080c05
Islands,HKG,,#1f1606
Kwai_Tsing,HKG,,#22992a
Sham_Shui_Po,HKG,,#2b3b1c
North,HKG,,#4d5328
Kwun_Tong,HKG,,#6d5d58
Yuen_Long,HKG,,#7a6a55
Sai_Kung,HKG,,#82e75a
Sha_Tin,HKG,,#9e898d
Wong_Tai_Sin,HKG,,#b0b0b0
Tsuen_Wan,HKG,,#cfd2bf
Eastern,HKG,,#d2fbf0
Southern,HKG,,#d7bc92
Tai_Po,HKG,,#e1e4e2
Kowloon_City,HKG,,#f67ddb
Yau_Tsim_Mong,HKG,,#fbb4fd
Central_and_Western,HKG,,#fcfaf5
Heard_Island_and_McDonald_Islands,HMD,,#3e683b
Colón,HND,,#0181bc
Valle,HND,,#02b5a6
El_Paraíso,HND,,#04311c
La_Paz,HND,,#050a08
Gracias_a_Dios,HND,,#060706
Yoro,HND,,#07020d
Comayagua,HND,,#07382a
Ocotepeque,HND,,#0a0709
Olancho,HND,,#212930
Francisco_Morazán,HND,,#494840
Lempira,HND,,#4a1fe4
Islas_de_la_Bahía,HND,,#89cefe
Copán,HND,,#b27bfc
Intibucá,HND,,#bc3782
Cortés,HND,,#cfe6e0
Santa_Bárbara,HND,,#dbdd62
Atlántida,HND,,#dcdee7
Choluteca,HND,,#eb9aa8
Splitsko-Dalmatinska,HRV,,#000205
Zagreb_City,HRV,,#1e0807
Primorsko-Goranska,HRV,,#2142ae
Koprivnicko-Križevacka,HRV,,#2bac0d
Bjelovarska-Bilogorska,HRV,,#2c1817
Pozega_Slavonia,HRV,,#2ebd93
Karlovacka,HRV,,#325141
Vukovarsko-Srijemska,HRV,,#335498
Šibensko-Kninska,HRV,,#3a190b
Zagrebacka,HRV,,#638932
Sisacko-Moslavacka,HRV,,#656a70
Dubrovacko-Neretvanska,HRV,,#7a4b4b
Istarska,HRV,,#c6f1bc
Viroviticko-Podravska,HRV,,#d3edc8
Zadarska,HRV,,#d7e4d5
Brodsko-Posavska,HRV,,#e8e3e6
Medimurska,HRV,,#f0f0e7
Licko-Senjska,HRV,,#f0f1f5
Krapinsko-Zagorska,HRV,,#f4ecfd
Osjecko-Baranjska,HRV,,#f7e8fb
Varaždinska,HRV,,#fbfefb
Ouest,HTI,,#13a275
Nippes,HTI,,#570f72
Centre,HTI,,#5a0283
Grand_Anse,HTI,,#644153
Sud_Est,HTI,,#760161
Sud,HTI,,#793f0c
L_Artibonite,HTI,,#7abb92
Nord_Est,HTI,,#c9d0af
Nord,HTI,,#d617e8
Nord_Ouest,HTI,,#e928b0
Szabolcs-Szatmár-Bereg,HUN,,#007b68
Jász-Nagykun-Szolnok,HUN,,#030304
Békés,HUN,,#0ce759
Baranya,HUN,,#170203
Hajdú-Bihar,HUN,,#1b190c
Nógrád,HUN,,#21161c
Heves,HUN,,#272916
Vas,HUN,,#2a2b26
Borsod-Abaúj-Zemplén,HUN,,#323333
Fejér,HUN,,#353dea
Tolna,HUN,,#424607
Pest,HUN,,#593445
Csongrád,HUN,,#6f306f
Budapest,HUN,,#72aba5
Komárom-Esztergom,HUN,,#754a8d
Veszprém,HUN,,#a94b06
Somogy,HUN,,#c2c0c5
Bács-Kiskun,HUN,,#d0ac4d
Zala,HUN,,#ededf8
Gyor-Moson-Sopron,HUN,,#f0c3f6
Daerah_Khusus_Ibukota,IDN,,#000000
Kepulauan_Bangka_Belitung,IDN,,#000000
Sulawesi_Selatan,IDN,,#023505
Maluku_Utara,IDN,,#030601
Kalimantan_Timur,IDN,,#051003
Riau,IDN,,#0bb23e
Kalimantan_Selatan,IDN,,#13060b
Papua_Barat,IDN,,#14d3b2
Bengkulu,IDN,,#197384
Sulawesi_Tenggara,IDN,,#280342
Sulawesi_Barat,IDN,,#283037
Sumatra_Barat,IDN,,#2a0a5b
Papua_Tengah,IDN,,#30d547
Papua,IDN,,#4365e2
Bali,IDN,,#4fc494
Sulawesi_Utara,IDN,,#53e071
Papua_Pegunungan,IDN,,#54853c
Sumatra_Utara,IDN,,#552b28
Kalimantan_Utara,IDN,,#66115b
Jawa_Tengah,IDN,,#673126
Papua_Selatan,IDN,,#7e1f41
Maluku,IDN,,#909162
Jawa_Timur,IDN,,#90a39e
Lampung,IDN,,#918774
Jawa_Barat,IDN,,#93b49a
Jambi,IDN,,#b2d1c5
Gorontalo,IDN,,#c16e9f
Sumatra_Selatan,IDN,,#c5f8c9
Nusa_Tenggara_Timur,IDN,,#c7bfd2
Sulawesi_Tengah,IDN,,#caa5ca
Banten,IDN,,#cfbd6a
Aceh,IDN,,#db5cca
Papua_Barat_Daya,IDN,,#dcdad7
Nusa_Tenggara_Barat,IDN,,#e8e7e7
Kalimantan_Tengah,IDN,,#ecc3ca
Kalimantan_Barat,IDN,,#f1d7d4
Kepulauan_Riau,IDN,,#f8ede1
Daerah_Istimewa_Yogyakarta,IDN,,#fdf6fb
Andaman_and_Nicobar,IND,,#0fb699
Uttar_Pradesh,IND,,#141753
Assam,IND,,#1c2f28
Bihar,IND,,#1c93b2
Ladakh,IND,,#250d40
Kerala,IND,,#2f581d
Nagaland,IND,,#302733
Jharkhand,IND,,#3e7976
Telangana,IND,,#3f2b5c
Maharashtra,IND,,#418e57
Haryana,IND,,#49424d
Andhra_Pradesh,IND,,#4b3841
Karnataka,IND,,#5366aa
Lakshadweep,IND,,#545353
Himachal_Pradesh,IND,,#6c47e4
Goa,IND,,#752116
Arunachal_Pradesh,IND,,#928e87
Manipur,IND,,#933295
Mizoram,IND,,#b5e19a
Chandigarh,IND,,#b6b9bb
Madhya_Pradesh,IND,,#cb8a74
Jammu_and_Kashmir,IND,,#cc71ba
Dadra_and_Nagar_Haveli_and_Daman_and_Diu,IND,,#d0d1d5
Uttarakhand,IND,,#d1141f
Delhi,IND,,#d2059b
Sikkim,IND,,#d895a0
Punjab,IND,,#dafdeb
West_Bengal,IND,,#e1e49d
Odisha,IND,,#e28d67
Tamil_Nadu,IND,,#e89f93
Gujarat,IND,,#f372c4
Meghalaya,IND,,#f5f3fc
Rajasthan,IND,,#f7f4a8
Puducherry,IND,,#f8f3f6
Tripura,IND,,#fee5fc
Chhattisgarh,IND,,#fefdf9
British_Indian_Ocean_Territory,IOT,,#9adf68
Monaghan,IRL,,#040505
Sligo,IRL,,#070c09
Cavan,IRL,,#131d1e
Cork,IRL,,#18e143
Dún-Laoghaire–Rathdown,IRL,,#1a181b
Meath,IRL,,#1e6941
Donegal,IRL,,#2c2929
Kilkenny,IRL,,#38151f
Kildare,IRL,,#49454a
Longford,IRL,,#4fb7ec
Kerry,IRL,,#4fba33
Wicklow,IRL,,#545920
Leitrim,IRL,,#551bb6
Westmeath,IRL,,#5e1b3f
Galway,IRL,,#60663f
Carlow,IRL,,#65ae4f
Laoighis,IRL,,#6c5523
Fingal,IRL,,#70d1a9
Mayo,IRL,,#79662c
Wexford,IRL,,#9becc5
Louth,IRL,,#a1f861
Offaly,IRL,,#b48adf
Clare,IRL,,#cfc8c9
Roscommon,IRL,,#d8abac
Limerick,IRL,,#d8d5c5
Waterford,IRL,,#dce8db
South-Dublin,IRL,,#e9dcde
Dublin,IRL,,#f5f5f0
Tipperary,IRL,,#fdd6fa
Ilam,IRN,,#001110
Kurdistan,IRN,,#021535
Zanjan,IRN,,#050605
Semnan,IRN,,#0523a4
Kerman,IRN,,#080908
Bushehr,IRN,,#091112
Khuzestan,IRN,,#09460d
West_Azerbaijan,IRN,,#0b5192
Hamadan,IRN,,#0d100f
Tehran,IRN,,#117054
Hormozgan,IRN,,#198d8e
Mazandaran,IRN,,#1a1609
Markazi,IRN,,#1d2e3c
South_Khorasan,IRN,,#22112e
Golestan,IRN,,#2a1115
Lorestan,IRN,,#4574de
Kermanshah,IRN,,#467e9b
Razavi_Khorasan,IRN,,#4b0160
Alborz,IRN,,#4b3d50
East_Azerbaijan,IRN,,#6895bf
Fars,IRN,,#793466
Qom,IRN,,#8aa13a
North_Khorasan,IRN,,#8e454b
Yazd,IRN,,#a09069
Qazvin,IRN,,#b05fd3
Gilan,IRN,,#e8def3
Ardabil,IRN,,#f3a8d9
Isfahan,IRN,,#f4f4f4
Chaharmahal_and_Bakhtiari,IRN,,#f8f779
Sistan_and_Baluchestan,IRN,,#fcc7e2
Kohgiluyeh_and_Buyer_Ahmad,IRN,,#fcfef7
Sala_ad-Din,IRQ,,#020302
Arbil,IRQ,,#0d20d6
At-Ta_mim,IRQ,,#17d042
Dhi-Qar,IRQ,,#1b1616
Al-Basrah,IRQ,,#243c97
Ninawa,IRQ,,#26042b
Karbala_,IRQ,,#443d11
Al-Muthannia,IRQ,,#68546f
Al-Qadisiyyah,IRQ,,#746b72
Babil,IRQ,,#9b0c20
Al-Anbar,IRQ,,#a1a99c
Maysan,IRQ,,#a42aa5
Dihok,IRQ,,#a7dd92
As-Sulaymaniyah,IRQ,,#bbd2b7
An-Najaf,IRQ,,#c3b1cc
Wasit,IRQ,,#cf82a6
Baghdad,IRQ,,#d7d5c8
Diyala,IRQ,,#e1f6d1
Halabja,IRQ,,#ecfebb
Vestfirðir,ISL,,#020d13
Norðurland_eystra,ISL,,#222527
Austurland,ISL,,#7477ad
Vesturland,ISL,,#8d6871
Höfuðborgarsvæðið,ISL,,#b5a660
Norðurland_vestra,ISL,,#c2ae9d
Suðurnes,ISL,,#e9e6fd
Suðurland,ISL,,#f0fbc6
Haifa,ISR,,#183d0a
HaMerkaz,ISR,,#a28071
HaZafon,ISR,,#b23aba
HaDarom,ISR,,#c5c5d8
Tel_Aviv,ISR,,#e619b3
Jerusalem,ISR,,#f4fdf4
Sardegna,ITA,,#030601
Trentino-Alto_Adige,ITA,,#030605
Liguria,ITA,,#1e171d
Friuli-Venezia_Giulia,ITA,,#261b01
Marche,ITA,,#26732d
Emilia-Romagna,ITA,,#383311
Basilicata,ITA,,#3e220d
Umbria,ITA,,#422715
Valle_d_Aosta,ITA,,#445023
Abruzzo,ITA,,#47d08e
Molise,ITA,,#49443e
Veneto,ITA,,#4c534e
Sicily,ITA,,#6105c0
Apulia,ITA,,#66fb48
Lazio,ITA,,#9a9c99
Lombardia,ITA,,#a2c697
Piemonte,ITA,,#c6d4f1
Calabria,ITA,,#d0ede0
Campania,ITA,,#d3b24c
Toscana,ITA,,#d9ecfe
Saint_Thomas,JAM,,#021b2f
Saint_Catherine,JAM,,#103279
Trelawny,JAM,,#21737a
Manchester,JAM,,#2db5ce
Portland,JAM,,#304d18
Saint_James,JAM,,#32bb52
Clarendon,JAM,,#5f8738
Saint_Mary,JAM,,#670c69
Kingston,JAM,,#6bb263
Saint_Andrew,JAM,,#824fe0
Hanover,JAM,,#af180c
Saint_Elizabeth,JAM,,#e491a6
Saint_Ann,JAM,,#f07265
Westmoreland,JAM,,#fdecfc
Ma_an,JOR,,#3ce9ef
Aqaba,JOR,,#406163
Balqa,JOR,,#5566be
Mafraq,JOR,,#634244
Jarash,JOR,,#8d8312
Amman,JOR,,#a58e46
Madaba,JOR,,#b8b7b3
Tafilah,JOR,,#c1b1e2
Ajlun,JOR,,#d0b7fa
Irbid,JOR,,#d8dfbe
Zarqa,JOR,,#ebf1bc
Karak,JOR,,#ef9240
Yamanashi,JPN,,#011009
Ibaraki,JPN,,#063f21
Fukui,JPN,,#080307
Kochi,JPN,,#101f43
Yamaguchi,JPN,,#137c22
Nara,JPN,,#141715
Okayama,JPN,,#151c1e
Oita,JPN,,#191c0e
Aichi,JPN,,#1a090e
Okinawa,JPN,,#1f202a
Akita,JPN,,#2d2824
Kumamoto,JPN,,#321237
Shimane,JPN,,#36614f
Miyazaki,JPN,,#4f1244
Nagano,JPN,,#520d14
Tottori,JPN,,#576c62
Tochigi,JPN,,#63961b
Fukushima,JPN,,#7161d4
Saitama,JPN,,#738c7f
Fukuoka,JPN,,#78977c
Gunma,JPN,,#7eda7b
Kagoshima,JPN,,#82914c
Gifu,JPN,,#84d6dd
Wakayama,JPN,,#88705b
Osaka,JPN,,#8f5684
Tokyo,JPN,,#908553
Hiroshima,JPN,,#939093
Mie,JPN,,#985d39
Iwate,JPN,,#9d8e38
Hyogo,JPN,,#9fd7dc
Tokushima,JPN,,#a7a0dd
Shiga,JPN,,#abd0e8
Hokkaido,JPN,,#bcba93
Kanagawa,JPN,,#c1e273
Chiba,JPN,,#c6eab9
Ehime,JPN,,#d0d168
Niigata,JPN,,#e1e8e4
Saga,JPN,,#e3dee7
Kagawa,JPN,,#e466f3
Miyagi,JPN,,#e6abb4
Aomori,JPN,,#f0f7f2
Kyoto,JPN,,#f18d76
Toyama,JPN,,#f1e9fa
Ishikawa,JPN,,#f4f4f9
Shizuoka,JPN,,#f924b0
Yamagata,JPN,,#f9746e
Nagasaki,JPN,,#fcf7f1
Atyrau,KAZ,,#03504f
Ulytau,KAZ,,#060009
Turkistan,KAZ,,#0e1323
Mangghystau,KAZ,,#1a1e15
Almaty,KAZ,,#262f10
Jetisu,KAZ,,#2d403e
Abai,KAZ,,#361715
Qostanay,KAZ,,#45424b
Aqtöbe,KAZ,,#72315f
North_Kazakhstan,KAZ,,#b62d9e
Almaty_City,KAZ,,#b67229
Zhambyl,KAZ,,#c2a4d7
Astana,KAZ,,#cf5e20
East_Kazakhstan,KAZ,,#d79cb8
Pavlodar,KAZ,,#e1d6fd
Aqmola,KAZ,,#e5a4e3
Shymkent_City,KAZ,,#e786c4
Qyzylorda,KAZ,,#ecdf6f
Qaraghandy,KAZ,,#f9f0f6
West_Kazakhstan,KAZ,,#fde1de
Mandera,KEN,,#010000
Trans_Nzoia,KEN,,#010602
Narok,KEN,,#101867
Kiambu,KEN,,#141d15
Uasin_Gishu,KEN,,#153213
Elgeyo_Marakwet,KEN,,#15b44d
West_Pokot,KEN,,#22191a
Nandi,KEN,,#282211
Isiolo,KEN,,#304931
Nairobi,KEN,,#32616b
Taita_Taveta,KEN,,#32d817
Nyamira,KEN,,#352a2d
Lamu,KEN,,#36d3ef
Kitui,KEN,,#402825
Tana_River,KEN,,#488d3a
Migori,KEN,,#4b0a18
Muranga,KEN,,#513f5a
Homa_Bay,KEN,,#515251
Nakuru,KEN,,#566b24
Turkana,KEN,,#5d7de4
Kirinyaga,KEN,,#643d2b
Kisumu,KEN,,#6868af
Nyandarua,KEN,,#6e7d73
Wajir,KEN,,#76997a
Samburu,KEN,,#82db56
Tharaka_Nithi,KEN,,#858584
Meru,KEN,,#901c09
Mombasa,KEN,,#9eaab1
Kajiado,KEN,,#9f7212
Embu,KEN,,#a4d1e1
Siaya,KEN,,#acf7ba
Kericho,KEN,,#aef5e0
Laikipia_,KEN,,#b0dcab
Kilifi,KEN,,#c9afac
Kwale,KEN,,#d0bdcf
Marsabit,KEN,,#d8d1c3
Baringo,KEN,,#dde4e3
Nyeri,KEN,,#dfd6f1
Bomet,KEN,,#e3fb3e
Vihiga,KEN,,#e4f7ce
Busia,KEN,,#e6e9e6
Garissa,KEN,,#e7eae7
Machakos,KEN,,#f0fbf8
Kisii,KEN,,#f8e5ab
Kakamega,KEN,,#faf3ef
Makueni,KEN,,#fdaeca
Bungoma,KEN,,#fdfcfd
Chuy,KGZ,,#020307
Naryn,KGZ,,#242227
Batken,KGZ,,#5e527d
Osh_City,KGZ,,#6315ce
Talas,KGZ,,#98be03
Ysyk-Köl,KGZ,,#dbf1bc
Osh,KGZ,,#dfd8f1
Bishkek,KGZ,,#eff3e6
Jalal-Abad,KGZ,,#fdfadc
Krong_Preah_Sihanouk,KHM,,#060505
Phnom_Penh,KHM,,#0b1e09
Svay_Rieng,KHM,,#121469
Kândal,KHM,,#1d023b
Kâmpóng_Thum,KHM,,#1f7198
Kaôh_Kong,KHM,,#266de3
Kâmpóng_Spœ,KHM,,#2a514e
Batdâmbâng,KHM,,#31575c
Môndól_Kiri,KHM,,#33858c
Rôtânôkiri,KHM,,#3aa700
Kep,KHM,,#3c722f
Krâchéh,KHM,,#4539b2
Preah_Vihéar,KHM,,#63f940
Pouthisat,KHM,,#7c2721
Kâmpôt,KHM,,#7d6a12
Otdar_Mean_Chey,KHM,,#8aa42f
Krong_Pailin,KHM,,#afbcd6
Tboung_Khmum,KHM,,#b2e7c0
Siemréab,KHM,,#b7bcb9
Stœng_Trêng,KHM,,#d9bf0c
Kâmpóng_Chhnang,KHM,,#e7cae5
Kâmpóng_Cham,KHM,,#edd0e1
Prey_Vêng,KHM,,#f7d85e
Takêv,KHM,,#f7eef2
Bântéay_Méanchey,KHM,,#fefcfb
Kiribati,KIR,,#03bc33
St_Kitts_and_Nevis,KNA,,#080403
Seoul,KOR,,#022027
Jeju,KOR,,#0c0c0d
North_Gyeongsang,KOR,,#1c4a01
Gyeonggi,KOR,,#1e181f
South_Chungcheong,KOR,,#3092d7
Daejeon,KOR,,#424067
North_Jeolla,KOR,,#56e5a0
Incheon,KOR,,#78736b
Gwangju,KOR,,#86bbb8
North_Chungcheong,KOR,,#873a5c
South_Jeolla,KOR,,#89947d
Ulsan,KOR,,#98240d
Gangwon,KOR,,#b4d1c4
South_Gyeongsang,KOR,,#bcbad5
Daegu,KOR,,#d7d6ca
Busan,KOR,,#d8f196
Sejong,KOR,,#f6dddd
Al_Ahmadi,KWT,,#0e071a
Al_Jahrah,KWT,,#3e9314
Hawalli,KWT,,#8eefec
Mubarak_Al-Kabeer,KWT,,#b5c1f8
Al_Asimah,KWT,,#bbe4ec
Al_Farwaniyah,KWT,,#bdc9d4
Xékong,LAO,,#010402
Vientiane_prefecture,LAO,,#055a57
Phôngsali,LAO,,#356e07
Attapu,LAO,,#7db435
Bolikhamxai,LAO,,#7e0571
Xiangkhoang,LAO,,#8ed3e5
Bokeo,LAO,,#98c7bc
Khammouan,LAO,,#a57684
Champasak,LAO,,#ad1a85
Louang_Namtha,LAO,,#bd0ab3
Xaignabouri,LAO,,#bec9c6
Vientiane,LAO,,#bee43a
Savannakhét,LAO,,#cbfce2
Oudômxai,LAO,,#cf22c5
Saravan,LAO,,#ddd8f3
Louangphrabang,LAO,,#ecf3ef
Houaphan,LAO,,#fad161
Beirut,LBN,,#211819
Nabatieh,LBN,,#368623
Mount_Lebanon,LBN,,#410c2e
Keserwan_Jbeil,LBN,,#4e21c2
North,LBN,,#63e68e
Beqaa,LBN,,#a6a34d
Akkar,LBN,,#e2cbe8
Baalbek-Hermel,LBN,,#f1b198
South,LBN,,#fefefb
Margibi,LBR,,#000d08
Grand_Bassa,LBR,,#211e21
Maryland,LBR,,#242421
Bomi,LBR,,#2a4821
Grand_Cape_Mount,LBR,,#36316e
Bong,LBR,,#523576
River_Gee,LBR,,#61644f
River_Cess,LBR,,#81e4a9
Nimba,LBR,,#9cade5
Grand_Gedeh,LBR,,#a88e15
Gbapolu,LBR,,#b337be
Montserrado,LBR,,#cccbcc
Lofa,LBR,,#e8e1b7
Grand_Kru,LBR,,#eeeeb9
Sinoe,LBR,,#fdccfd
Al_Kufrah,LBY,,#0b0704
Surt,LBY,,#133227
Al_Jufrah,LBY,,#181b23
Az_Zawiyah,LBY,,#1b0c0f
Sabha,LBY,,#240b11
Al_Marqab,LBY,,#24f5b2
Ghadamis,LBY,,#34341d
An_Nuqat_al_Khams,LBY,,#345740
Ajdabiya,LBY,,#545d55
Al_Jabal_al_Akhdar,LBY,,#582326
Mizdah,LBY,,#5c3a69
Al_Marj,LBY,,#6bd207
Tajura__wa_an_Nawahi_al_Arba,LBY,,#7112db
Al_Jifarah,LBY,,#92440b
Murzuq,LBY,,#b0bfb8
Wadi_al_Hayaa,LBY,,#c3ecc7
Ash_Shati_,LBY,,#ca8a79
Misratah,LBY,,#cc2337
Benghazi,LBY,,#dfe13e
Al_Qubbah,LBY,,#e7f2f1
Ghat,LBY,,#ead1d6
Al_Butnan,LBY,,#f5faf3
St_Lucia,LCA,,#121b10
Liechtenstein,LIE,,#93ac3d
Badulla,LKA,,#060506
Mulativ,LKA,,#09d891
Mātale,LKA,,#0d080b
Kaḷutara,LKA,,#0e4512
Yāpanaya,LKA,,#120308
Nuvara_Ĕliya,LKA,,#1418b5
Anurādhapura,LKA,,#210606
Kuruṇægala,LKA,,#305c81
Mātara,LKA,,#37401d
Gālla,LKA,,#5e1b2c
Ampāra,LKA,,#61705f
Hambantŏṭa,LKA,,#62db6d
Kilinŏchchi,LKA,,#6aa356
Vavuniyāva,LKA,,#75e869
Gampaha,LKA,,#8cd4e1
Mahanuvara,LKA,,#8ec5e5
Maḍakalapuva,LKA,,#9c4356
Pŏḷŏnnaruva,LKA,,#a18e76
Ratnapura,LKA,,#d0bfaf
Trikuṇāmalaya,LKA,,#d58cd2
Mŏṇarāgala,LKA,,#d8c0c0
Mannārama,LKA,,#d9ccbc
Kægalla,LKA,,#db2dea
Puttalama,LKA,,#f9f3d8
Kŏḷamba,LKA,,#fdfcfd
Butha_Buthe,LSO,,#0b0f0a
Mokhotlong,LSO,,#1d6422
Qacha_s_Nek,LSO,,#2fa291
Quthing,LSO,,#33253e
Leribe,LSO,,#355b7c
Berea,LSO,,#4ecd80
Mafeteng,LSO,,#5599bc
Maseru,LSO,,#5f605d
Mohale_s_Hoek,LSO,,#808295
Thaba_Tseka,LSO,,#8f6a84
Alytaus,LTU,,#04c957
Panevezio,LTU,,#130f48
Šiauliai,LTU,,#203f3a
Telšiai,LTU,,#6891cf
Utenos,LTU,,#9c640b
Klaipedos,LTU,,#b4a49d
Vilniaus,LTU,,#c0c8f3
Kauno,LTU,,#c0dfce
Marijampoles,LTU,,#cbc8d3
Taurages,LTU,,#e7e7f0
Diekirch,LUX,,#1c2413
Luxembourg,LUX,,#495546
Grevenmacher,LUX,,#eaf30c
Limbažu_novads,LVA,,#002720
Ogres_novads,LVA,,#010304
Talsu_novads,LVA,,#01120c
Ropažu_novads,LVA,,#014986
Cēsu_novads,LVA,,#01685b
Balvu_novads,LVA,,#040303
Rēzekne,LVA,,#07022b
Saldus_novads,LVA,,#0e12a5
Dobeles_novads,LVA,,#0ee9f1
Krāslavas_novads,LVA,,#136443
Aizkraukles_novads,LVA,,#13b85d
Augšdaugavas_novads,LVA,,#282330
Salaspils_novads,LVA,,#2c565b
Tukuma_novads,LVA,,#35ccc3
Ķekavas_novads,LVA,,#3b576e
Smiltenes_novads,LVA,,#401d64
Jēkabpils_novads,LVA,,#420f09
Jelgavas_novads,LVA,,#437674
Ādažu_novads,LVA,,#5c4017
Madonas_novads,LVA,,#5d4a57
Alūksnes_novads,LVA,,#5da411
Ludzas_novads,LVA,,#6aa96f
Varakļānu_novads,LVA,,#7637b6
Gulbenes_novads,LVA,,#76c869
Olaines_novads,LVA,,#7b3e9b
Valmieras_novads,LVA,,#7cefeb
Jūrmala,LVA,,#8abf8d
Siguldas_novads,LVA,,#8bfb40
Ventspils_novads,LVA,,#8cbcc3
Daugavpils,LVA,,#8e1532
Liepāja,LVA,,#9feec8
Saulkrastu_novads,LVA,,#aaf7c2
Rīga,LVA,,#b1f6f5
Bauskas_novads,LVA,,#bc296e
Līvānu_novads,LVA,,#c2c9c5
Mārupes_novads,LVA,,#c5cf18
Jelgava,LVA,,#c785e2
Dienvidkurzemes_novads,LVA,,#d9d3e0
Kuldīgas_novads,LVA,,#dacbfc
Valkas_novads,LVA,,#ddfca7
Ventspils,LVA,,#e5e0b6
Preiļu_novads,LVA,,#ebf2f0
Rēzeknes_novads,LVA,,#faf9fa
Macau,MAC,,#70eb16
St__Martin,MAF,,#040005
Béni_Mellal-Khénifra,MAR,,#050000
Drâa_Tafilalet,MAR,,#050003
Settat_Casablanca,MAR,,#09301d
Rabat_Salé_Kénitra,MAR,,#5a5027
Tanger-Tetouan-Al_Hoceima,MAR,,#9d8f8e
Dakhla_Oued_Ed_Dahab,MAR,,#c4c5c5
Laâyoune_Sakia_El_Hamra,MAR,,#dac9bb
Oriental,MAR,,#e4b101
Guelmim_Oued_Noun,MAR,,#f29a8b
Marrakesh_Safi,MAR,,#f4f3f8
Souss_Massa,MAR,,#fdfcf2
Fès-Meknès,MAR,,#fef7fa
Monaco,MCO,,#db92bf
Gagauzia,MDA,,#05124a
Călărași,MDA,,#0a3bdb
Bălți,MDA,,#0b1706
Ialoveni,MDA,,#0f2a13
Rezina,MDA,,#131116
Soroca,MDA,,#190f0e
Ștefan_Vodă,MDA,,#1a0801
Strășeni,MDA,,#2cfde7
Rîșcani,MDA,,#3b4007
Taraclia,MDA,,#591450
Nisporeni,MDA,,#65444d
Șoldănești,MDA,,#6a0320
Florești,MDA,,#6acf92
Sîngerei,MDA,,#6f6f6f
Cahul,MDA,,#901342
Ungheni,MDA,,#94a198
Leova,MDA,,#972af3
Orhei,MDA,,#a9adb0
Cimișlia,MDA,,#ae57a7
Fălești,MDA,,#b531c8
Basarabeasca,MDA,,#bcfbf8
Glodeni,MDA,,#bd3f32
Criuleni,MDA,,#d0ecb9
Briceni,MDA,,#d53a74
Hîncești,MDA,,#d6d5e6
Dondușeni,MDA,,#d7debf
Chișinău,MDA,,#db3cbf
Anenii_Noi,MDA,,#e2a7da
Telenești,MDA,,#e6b7d2
Edineț,MDA,,#ead8d7
Căușeni,MDA,,#eefbf2
Ocnița,MDA,,#f0f7f4
Cantemir,MDA,,#f7cc9e
Drochia,MDA,,#fdfaf6
Haute_Matsiatra,MDG,,#0b2a29
Boeny,MDG,,#1644a1
Anosy,MDG,,#2b2a2b
Ihorombe,MDG,,#2d3716
Melaky,MDG,,#311108
Diana,MDG,,#337211
Atsimo_Andrefana,MDG,,#352a35
Androy,MDG,,#5e6659
Atsinanana,MDG,,#7706eb
Betsiboka,MDG,,#7c96bd
Vakinankaratra,MDG,,#812de0
Itasy,MDG,,#890e25
Vatovavy_Fitovinany,MDG,,#8b6adf
Atsimo_Atsinanana,MDG,,#95f38e
Sava,MDG,,#9728d7
Menabe,MDG,,#9fa2a0
Amoron_i_Mania,MDG,,#d3fa7f
Alaotra_Mangoro,MDG,,#ea4b4b
Analamanga,MDG,,#f0c1c1
Sofia,MDG,,#f788f1
Analanjirofo,MDG,,#f7fcf9
Bongolava,MDG,,#fdc810
Haa_Alifu,MDV,,#030203
Faafu,MDV,,#13222c
Kaafu,MDV,,#151012
Gaafu_Dhaalu,MDV,,#340b4e
Thaa,MDV,,#3a9f78
Addu,MDV,,#461d4a
Raa,MDV,,#4a1c07
Haa_Dhaalu,MDV,,#4f5052
Alifu_Alifu,MDV,,#66a76c
Baa,MDV,,#80355a
Meemu,MDV,,#8b9469
Dhaalu,MDV,,#98f9df
Shaviyani,MDV,,#a5f6c5
Malé,MDV,,#bbc7d8
Gnaviyani,MDV,,#c7729e
Lhaviyani,MDV,,#efad90
Alifu_Dhaalu,MDV,,#f0f9c8
Gaafu_Alifu,MDV,,#f3f5f6
Noonu,MDV,,#fcfbfb
Laamu,MDV,,#fdfdea
Campeche,MEX,,#010201
Querétaro,MEX,,#040609
Colima,MEX,,#07420f
Tlaxcala,MEX,,#0d368a
Quintana_Roo,MEX,,#100d0b
Durango,MEX,,#114a19
Chihuahua,MEX,,#151b1c
Nayarit,MEX,,#25101f
Puebla,MEX,,#38401b
Nuevo_León,MEX,,#403c09
Aguascalientes,MEX,,#686768
Yucatán,MEX,,#700d43
Michoacán,MEX,,#739b1c
Chiapas,MEX,,#7f9e99
Baja_California,MEX,,#9da5c4
Baja_California_Sur,MEX,,#9eb8bf
México,MEX,,#aa9f7d
Oaxaca,MEX,,#b8b6bd
Guerrero,MEX,,#bb468b
Distrito_Federal,MEX,,#bbcf5e
Coahuila,MEX,,#c11c20
Morelos,MEX,,#cebfc5
Jalisco,MEX,,#d7d1cc
Tabasco,MEX,,#e3e934
Zacatecas,MEX,,#e4943f
San_Luis_Potosí,MEX,,#e4adea
Hidalgo,MEX,,#eff6ef
Veracruz,MEX,,#f4dde5
Tamaulipas,MEX,,#f8d7f6
Sonora,MEX,,#f8fbd2
Sinaloa,MEX,,#f9f4f2
Guanajuato,MEX,,#fbfcfb
Railik_Chain,MHL,,#a5307d
Ratak_Chain,MHL,,#faf0fb
Skopje,MKD,,#080d02
Northeastern,MKD,,#0e0d18
Eastern,MKD,,#709010
Polog,MKD,,#abbce4
Vardar,MKD,,#dbdef0
Southeastern,MKD,,#f79cfd
Southwestern,MKD,,#f8497a
Pelagonia,MKD,,#f8f1e7
Koulikoro,MLI,,#0286cb
Kayes,MLI,,#16f3fb
Mopti,MLI,,#201e21
Bamako,MLI,,#2b002f
Ségou,MLI,,#54b354
Ménaka,MLI,,#90e5cc
Timbuktu,MLI,,#918e66
Kidal,MLI,,#b7f8c3
Sikasso,MLI,,#e309e6
Taoudénit,MLI,,#e885ec
Gao,MLI,,#fbfcf9
Malta,MLT,,#1f1437
Ayeyarwady,MMR,,#1b1fcc
Kayah,MMR,,#2c2f37
Tanintharyi,MMR,,#4f741f
Mon,MMR,,#5701a8
Naypyidaw_Union_Territory,MMR,,#58cd58
Kachin,MMR,,#71246c
Bago,MMR,,#af83a2
Sagaing,MMR,,#c7b0b6
Magway,MMR,,#d7b5e3
Chin,MMR,,#dde0de
Mandalay,MMR,,#dee0b5
Yangon,MMR,,#dfc2fd
Rakhine,MMR,,#e0dbc9
Shan,MMR,,#eeedf2
Kayin,MMR,,#faf3f1
Cetinje,MNE,,#131212
Bar,MNE,,#1f7e0f
Danilovgrad,MNE,,#392b0c
Budva,MNE,,#3ff2d2
Zeta,MNE,,#53fa4b
Plužine,MNE,,#5ca6f9
Petnjica,MNE,,#79e728
Bijelo_Polje,MNE,,#8b7d6a
Mojkovac,MNE,,#8ba687
Žabljak,MNE,,#8bc2e8
Berane,MNE,,#8ca2e9
Nikšic,MNE,,#97300c
Plav,MNE,,#9c94ab
Kolašin,MNE,,#aaa38f
Gusinje,MNE,,#c40acf
Tuzi,MNE,,#d0c761
Šavnik,MNE,,#de8e4d
Tivat,MNE,,#dfa480
Podgorica,MNE,,#e5dcdd
Rožaje,MNE,,#e8e5e3
Herceg_Novi,MNE,,#f4f9f5
Kotor,MNE,,#f5ecef
Pljevlja,MNE,,#f8639f
Ulcinj,MNE,,#fbf1fc
Andrijevica,MNE,,#fef985
Sühbaatar,MNG,,#040707
Dornogovi,MNG,,#090300
Uvs,MNG,,#0b201e
Ulaanbaatar,MNG,,#16061b
Hövsgöl,MNG,,#24052e
Arhangay,MNG,,#296eb4
Hovd,MNG,,#2b2b8c
Dornod,MNG,,#2b3128
Orhon,MNG,,#4d9f30
Bayanhongor,MNG,,#5ca421
Darhan-Uul,MNG,,#625129
Ömnögovi,MNG,,#752e20
Govi-Altay,MNG,,#7f4058
Dundgovi,MNG,,#a2d699
Selenge,MNG,,#b294c7
Hentiy,MNG,,#bdf5f6
Övörhangay,MNG,,#d6c961
Bulgan,MNG,,#dbe2bf
Töv,MNG,,#effcfe
Govisümber,MNG,,#f4f5f7
Dzavhan,MNG,,#f7f4f6
Bayan-Ölgii,MNG,,#f916dc
Rota,MNP,,#63241c
Saipan,MNP,,#746363
Tinian,MNP,,#772e31
Northern_Islands,MNP,,#77bc67
Inhambane,MOZ,,#211a18
Maputo_City,MOZ,,#408e01
Sofala,MOZ,,#4fd8d6
Tete,MOZ,,#72eaf5
Niassa,MOZ,,#892d20
Gaza,MOZ,,#92dfcc
Maputo,MOZ,,#c299ac
Zambezia,MOZ,,#cdbbae
Cabo_Delgado,MOZ,,#d5c1ee
Nampula,MOZ,,#ecdfe2
Manica,MOZ,,#ececeb
Inchiri,MRT,,#0e1f1e
Trarza,MRT,,#1dfaed
Guidimaka,MRT,,#1f221b
Assaba,MRT,,#1f5431
Brakna,MRT,,#212221
Nouakchott,MRT,,#2c272b
Tiris_Zemmour,MRT,,#495efc
Hodh_el_Gharbi,MRT,,#58132f
Dakhlet_Nouadhibou,MRT,,#702b54
Adrar,MRT,,#7389f8
Hodh_ech_Chargui,MRT,,#b90250
Tagant,MRT,,#cb9aa1
Gorgol,MRT,,#fbeffe
Montseratt,MSR,,#26494d
Quatre_Bornes,MUS,,#00055f
Moka,MUS,,#030000
Port_Louis,MUS,,#295e60
Agaléga,MUS,,#2a8f42
Pamplemousses,MUS,,#2d3f02
Rivière_Noire,MUS,,#84a8bb
Rodrigues,MUS,,#88bb92
Savanne,MUS,,#8c3568
Curepipe,MUS,,#b2130f
Plaines_Wilhems,MUS,,#cdb8cb
Flacq,MUS,,#d0f4f5
Vacoas_Phoenix,MUS,,#dc6bde
Grand_Port,MUS,,#e2a1a5
Rivière_du_Rempart,MUS,,#f2eb7d
Port_Louis_city,MUS,,#f3fefe
Beau_Bassin_Rose_Hill,MUS,,#fafdfc
Likoma,MWI,,#043259
Chikwawa,MWI,,#0c4141
Nkhotakota,MWI,,#130a21
Thyolo,MWI,,#162a2d
Nsanje,MWI,,#1d1b0c
Nkhata_Bay,MWI,,#240e5d
Chitipa,MWI,,#322b30
Balaka,MWI,,#3aab24
Dedza,MWI,,#3aab92
Ntchisi,MWI,,#42cd8d
Neno,MWI,,#494a49
Zomba,MWI,,#49aa27
Machinga,MWI,,#584285
Rumphi,MWI,,#65ec23
Salima,MWI,,#67c078
Mwanza,MWI,,#6a0167
Mulanje,MWI,,#c48da9
Ntcheu,MWI,,#c6c5c6
Mangochi,MWI,,#c8cecf
Karonga,MWI,,#c950dc
Mzimba,MWI,,#cec9ca
Lilongwe,MWI,,#d4abab
Phalombe,MWI,,#eee9f0
Chiradzulu,MWI,,#f1e2ee
Kasungu,MWI,,#f3f1ea
Mchinji,MWI,,#f4d3ee
Dowa,MWI,,#fbf0f4
Blantyre,MWI,,#fce1f5
Selangor,MYS,,#045739
Melaka,MYS,,#170b08
Sarawak,MYS,,#312c2e
Kuala_Lumpur,MYS,,#3b3a3b
Pahang,MYS,,#474d06
Negeri_Sembilan,MYS,,#64eff7
Perlis,MYS,,#693064
Kedah,MYS,,#6a6a6a
Sabah,MYS,,#88bdc3
Pulau_Pinang,MYS,,#9e8fc6
Trengganu,MYS,,#a7a1b6
Putrajaya,MYS,,#aeb453
Kelantan,MYS,,#e4e3e4
Labuan,MYS,,#f0f7e0
Perak,MYS,,#f2d4cf
Johor,MYS,,#f507f8
Kavango_East,NAM,,#020203
Omusati,NAM,,#035407
Kunene,NAM,,#08030e
Kavango_West,NAM,,#101419
Hardap,NAM,,#2b2b2a
Erongo,NAM,,#333409
Zambezi,NAM,,#3b2839
Otjozondjupa,NAM,,#4545de
Khomas,NAM,,#466843
Ohangwena,NAM,,#613c6b
Oshikoto,NAM,,#7acff3
Karas,NAM,,#b2a89f
Oshana,NAM,,#fae959
Omaheke,NAM,,#fef1f1
Îles_Loyauté,NCL,,#964393
Nord,NCL,,#c3c0c1
Sud,NCL,,#f8ecf9
Niamey,NER,,#110608
Dosso,NER,,#22f745
Tahoua,NER,,#270427
Agadez,NER,,#2f3b04
Tillabéri,NER,,#3a3735
Diffa,NER,,#a6dfeb
Maradi,NER,,#e1eee7
Zinder,NER,,#f6f1f8
Norfolk_Island,NFK,,#bfae20
Ogun,NGA,,#040601
Plateau,NGA,,#0e0c0b
Edo,NGA,,#110b18
Kebbi,NGA,,#121201
Ekiti,NGA,,#1c2729
Katsina,NGA,,#293d3b
Oyo,NGA,,#2a2929
Rivers,NGA,,#2f141e
Ondo,NGA,,#332174
Akwa_Ibom,NGA,,#3c3b37
Cross_River,NGA,,#3d2830
Jigawa,NGA,,#421051
Lagos,NGA,,#579a07
Yobe,NGA,,#66a4dd
Kaduna,NGA,,#6c9b85
Adamawa,NGA,,#6daa61
Benue,NGA,,#775246
Zamfara,NGA,,#7ad5d0
Kogi,NGA,,#7cf7cd
Imo,NGA,,#98f3d2
Kwara,NGA,,#adc8fe
Ebonyi,NGA,,#afafb0
Kano,NGA,,#b65da2
Federal_Capital_Territory,NGA,,#c5eada
Niger,NGA,,#c9eefc
Nassarawa,NGA,,#d4f3c8
Anambra,NGA,,#dae4e7
Abia,NGA,,#dc95a7
Taraba,NGA,,#e0c7f6
Bayelsa,NGA,,#e5f5e0
Sokoto,NGA,,#e7e7e7
Bauchi,NGA,,#e7f4e9
Gombe,NGA,,#e9b44c
Enugu,NGA,,#efe2eb
Osun,NGA,,#f1fceb
Borno,NGA,,#fafaf9
Delta,NGA,,#fdfafc
Chinandega,NIC,,#027cd1
Rivas,NIC,,#05092c
Madriz,NIC,,#050a09
Matagalpa,NIC,,#0c0304
Chontales,NIC,,#0c9d91
Boaco,NIC,,#2d1e02
Atlántico_Sur,NIC,,#3c1b23
Jinotega,NIC,,#66419e
Rio_San_Juan,NIC,,#664879
Atlántico_Norte,NIC,,#8ab233
Managua,NIC,,#97ad7e
Granada,NIC,,#ceb2f9
Carazo,NIC,,#d3ddee
Nueva_Segovia,NIC,,#e0dbee
León,NIC,,#eeaead
Masaya,NIC,,#f9fefe
Estelí,NIC,,#fbf3e6
Niue,NIU,,#a09cf1
Gelderland,NLD,,#066b54
Noord-Brabant,NLD,,#0739b8
Utrecht,NLD,,#0d1100
Limburg,NLD,,#1c6d14
Friesland,NLD,,#203781
Zuid-Holland,NLD,,#48bacb
Groningen,NLD,,#51ead3
Zeeland,NLD,,#8a8879
Drenthe,NLD,,#91af04
Noord-Holland,NLD,,#a55310
Flevoland,NLD,,#b34c51
Overijssel,NLD,,#bab7d4
Bonaire,NLD,,#e6ee65
Agder,NOR,,#05322b
Troms,NOR,,#207f7c
Telemark,NOR,,#2539f8
Vestland,NOR,,#270b52
Oslo,NOR,,#44e766
Svalbard,NOR,,#4b4776
Rogaland,NOR,,#4f5316
Østfold,NOR,,#75c8b7
Møre_og_Romsdal,NOR,,#7b843f
Trøndelag,NOR,,#8b59ce
Finnmark,NOR,,#a222a7
Vestfold,NOR,,#bfda7d
Nordland,NOR,,#dfdec4
Jan_Mayen,NOR,,#effcfb
Akershus,NOR,,#f0f4ef
Buskerud,NOR,,#f994ee
Innlandet,NOR,,#f9f39f
Gandaki_Pradesh,NPL,,#07090a
Sudurpashchim_Pradesh,NPL,,#3dcc51
Lumbini_Pradesh,NPL,,#784e3b
Bagmati,NPL,,#7d60fd
Bagmati_Pradesh,NPL,,#a1a1b2
Lumbini,NPL,,#b4f8a7
Madhesh_Pradesh,NPL,,#ddd8d4
Karnali_Pradesh,NPL,,#e5e744
Koshi_Pradesh,NPL,,#e6efe7
Aiwo,NRU,,#050710
Anetan,NRU,,#092834
Meneng,NRU,,#094e43
Baiti,NRU,,#372974
Uaboe,NRU,,#3b423e
Buada,NRU,,#4d1a33
Ijuw,NRU,,#78b7a2
Anabar,NRU,,#8c8c8b
Denigomodu,NRU,,#b7776c
Nibok,NRU,,#cad2c5
Ewa,NRU,,#cfccd1
Yaren,NRU,,#d5d0d9
Anibare,NRU,,#d5e2d5
Boe,NRU,,#e6eac9
Nelson_City,NZL,,#000301
West_Coast,NZL,,#0f4c07
Gisborne_District,NZL,,#181918
Tasman_District,NZL,,#1d55c8
Taranaki,NZL,,#271423
Marlborough_District,NZL,,#3a5635
Manawatu-Wanganui,NZL,,#3fcc5a
Three_Kings_Islands,NZL,,#561d43
Waikato,NZL,,#7be120
Kermadec_Islands,NZL,,#7e4747
The_Snares,NZL,,#7f9897
Otago,NZL,,#91ed82
Auckland,NZL,,#958f2a
Northland,NZL,,#9ca831
Wellington,NZL,,#a5a7a8
Southland,NZL,,#c80f59
Chatham_Islands_Territory,NZL,,#c96de4
Antipodes_Islands,NZL,,#cfecbd
Auckland_Islands,NZL,,#d5c392
Hawke_s_Bay,NZL,,#dec9e8
Bay_of_Plenty,NZL,,#e77b3a
Canterbury,NZL,,#eae3e1
Campbell_Islands,NZL,,#f2d3da
Muscat,OMN,,#20f320
Ash_Sharqiyah_North,OMN,,#244d99
Musandam,OMN,,#262626
Dhofar,OMN,,#3a113c
Ash_Sharqiyah_South,OMN,,#433b38
Ad_Dakhliyah,OMN,,#4c2a01
Al_Buraymi,OMN,,#4d0e5f
Al_Batnah_North,OMN,,#604558
Al_Wusta,OMN,,#9cf1c4
Al_Dhahira,OMN,,#a0a97c
Al_Batnah_South,OMN,,#fef7ed
Dubăsari_City,XTR,,#08040b
Sanaag,XSO,,#0b6011
Togdheer,XSO,,#13ead8
Abyei,SDN,,#16d347
Isle_of_Man,GBR,,#192e24
Woqooyi_Galbeed,XSO,,#222951
Guernsey,GBR,,#271a41
Sool,XSO,,#3f4e17
Camenca,XTR,,#433483
Awdal,XSO,,#461b15
Slobozia,XTR,,#595c07
Rîbnița,XTR,,#a8cb9e
Grigoriopol,XTR,,#b7fd64
Kashmir,CHN,,#bbba94
Dubăsari,XTR,,#e1edb6
Jersey,GBR,,#f26dd4
Azad_Kashmir,PAK,,#093350
Islamabad_Capital_Territory,PAK,,#115c18
Gilgit_Baltistan,PAK,,#33a460
Sind,PAK,,#3c5423
Punjab,PAK,,#3d1e14
Baluchistan,PAK,,#e4deef
Khyber_Pakhtunkhwa,PAK,,#eeeee9
Panama,PAN,,#3d8f92
Veraguas,PAN,,#899869
Coclé,PAN,,#8d888b
Herrera,PAN,,#8e8e71
Naso_Tjër_Di,PAN,,#a91e69
Emberá,PAN,,#adafce
Los_Santos,PAN,,#bce9cd
Ngöbe_Buglé,PAN,,#c4d0e1
Colón,PAN,,#c95f12
Bocas_del_Toro,PAN,,#d9f0e5
Chiriquí,PAN,,#dce3ca
Guna_Yala,PAN,,#dec9ec
Darién,PAN,,#e9b5f0
Panama_Oeste,PAN,,#ea2b73
Pitcairn_Islands,PCN,,#f8f7f1
Amazonas,PER,,#021111
Lambayeque,PER,,#050c03
San_Martín,PER,,#071462
Arequipa,PER,,#0f0312
Cajamarca,PER,,#13446e
Pasco,PER,,#162e25
Madre_de_Dios,PER,,#1d1508
Huánuco,PER,,#1f4dac
La_Libertad,PER,,#27282e
Apurímac,PER,,#41146f
Piura,PER,,#42316c
Ancash,PER,,#7ea5a3
Callao,PER,,#80b990
Junín,PER,,#8e6e41
Lima,PER,,#9aed2e
Ucayali,PER,,#a0b152
Lima_Province,PER,,#a1e7ea
Ica,PER,,#a28fa1
Tumbes,PER,,#a5d6d2
Ayacucho,PER,,#b0b0b0
Huancavelica,PER,,#b158fd
Tacna,PER,,#c4cbbe
Loreto,PER,,#daf0c7
Moquegua,PER,,#e6cfe6
Puno,PER,,#f9a0d6
Cusco,PER,,#fa896b
Apayao,PHL,,#000101
Cotabato,PHL,,#025b06
Sarangani,PHL,,#030100
Valenzuela,PHL,,#050d24
Basilan,PHL,,#050e14
Naga,PHL,,#051d3a
Nueva_Ecija,PHL,,#05240d
Lucena,PHL,,#060009
Tarlac,PHL,,#06010c
San_Juan,PHL,,#060801
La_Union,PHL,,#08234f
Agusan_del_Norte,PHL,,#090407
Manila,PHL,,#0a000d
Olongapo,PHL,,#0a0d1b
Samar,PHL,,#0a8340
Paranaque,PHL,,#0c2b04
Cagayan,PHL,,#0d2c17
Camarines_Norte,PHL,,#0d2e78
Bulacan,PHL,,#0ee386
Quirino,PHL,,#11281e
Bataan,PHL,,#122225
Batangas,PHL,,#13643b
Quezon,PHL,,#1584a4
General_Santos,PHL,,#160d1c
Butuan,PHL,,#1a5533
Compostela_Valley,PHL,,#1b1b16
Misamis_Oriental,PHL,,#1b34ec
Zamboanga_del_Norte,PHL,,#1c0336
Marikina,PHL,,#1e3e45
Aklan,PHL,,#203939
Ilocos_Norte,PHL,,#20db2d
Mandaue,PHL,,#251f14
Eastern_Samar,PHL,,#261a11
Negros_Oriental,PHL,,#2b331c
Bacolod,PHL,,#2dfe41
Iligan,PHL,,#2f421b
Aurora,PHL,,#2ff89c
Mindoro_Occidental,PHL,,#31243f
Baguio,PHL,,#330578
Batanes,PHL,,#392026
Cebu_City,PHL,,#39cae0
Albay,PHL,,#3c63e1
Lanao_del_Sur,PHL,,#3da718
Sultan_Kudarat,PHL,,#3f1233
Leyte,PHL,,#3f3d3a
Rizal,PHL,,#432826
Cavite,PHL,,#47659c
Cagayan_de_Oro,PHL,,#4ff439
Dagupan,PHL,,#561d45
Puerto_Princesa,PHL,,#563d19
Palawan,PHL,,#580b24
Southern_Leyte,PHL,,#5d80d0
Davao_Occidental,PHL,,#618e7c
Muntinlupa,PHL,,#644625
Iloilo_City,PHL,,#6b9e9d
Santiago,PHL,,#6ce437
Maguindanao_del_Norte,PHL,,#74c7d1
Pasig,PHL,,#779d66
Cebu,PHL,,#7ba1b2
Misamis_Occidental,PHL,,#7c8160
Ifugao,PHL,,#7ff75e
Northern_Samar,PHL,,#824c4b
Capiz,PHL,,#828382
Mindoro_Oriental,PHL,,#85b457
Ilocos_Sur,PHL,,#8757be
Quezon_City,PHL,,#899172
Biliran,PHL,,#8ed956
Tacloban,PHL,,#90b922
Kalinga,PHL,,#93a6ac
Sorsogon,PHL,,#94e930
Guimaras,PHL,,#974a40
Negros_Occidental,PHL,,#98a095
Abra,PHL,,#9bdab0
Sulu,PHL,,#9db81f
Ormoc,PHL,,#9fa1f8
Malabon,PHL,,#a022bb
Antique,PHL,,#a285ea
Zamboanga_Sibugay,PHL,,#a3c629
Zambales,PHL,,#adaed2
Romblon,PHL,,#af9c78
Dinagat_Islands,PHL,,#b00fa7
Agusan_del_Sur,PHL,,#b9b7ba
Zamboanga_del_Sur,PHL,,#b9bbca
Las_Pinas,PHL,,#baf566
Marinduque,PHL,,#bbf58c
Surigao_del_Sur,PHL,,#bbfa77
Nueva_Vizcaya,PHL,,#c06b57
Camarines_Sur,PHL,,#c4b1ee
Pateros,PHL,,#c8f691
South_Cotabato,PHL,,#c9ddc2
Camiguin,PHL,,#cdecc7
Taguig,PHL,,#ceb1ad
Makati,PHL,,#cf8c95
Zamboanga,PHL,,#cfd3d4
Davao,PHL,,#d0cf95
Tawi-Tawi,PHL,,#d5c3ea
Mandaluyong_City,PHL,,#d6cbd3
Maguindanao_del_Sur,PHL,,#d6efd9
Catanduanes,PHL,,#dfd5ea
Benguet,PHL,,#e19e9a
Mountain_Province,PHL,,#e5d5f2
Pangasinan,PHL,,#e6e6df
Isabela_City,PHL,,#e6efef
Pasay,PHL,,#e7fef2
Siquijor,PHL,,#e8d8f9
Lanao_del_Norte,PHL,,#e9675a
Cotabato_City,PHL,,#eae3e7
Pampanga,PHL,,#eeeae7
Bukidnon,PHL,,#efddd6
Surigao_del_Norte,PHL,,#f1b77e
Davao_del_Norte,PHL,,#f2aa63
Davao_del_Sur,PHL,,#f2c0fd
Caloocan,PHL,,#f4c0a7
Isabela,PHL,,#f7648a
Davao_Oriental,PHL,,#f7f5f0
Navotas,PHL,,#f7fe35
Bohol,PHL,,#f9f8f9
Iloilo,PHL,,#fafcf9
Laguna,PHL,,#fba6ce
Lapu-Lapu,PHL,,#fbfefb
Angeles,PHL,,#fdcb84
Masbate,PHL,,#feebef
Peleliu,PLW,,#010000
Sonsorol,PLW,,#232128
Aimeliik,PLW,,#2c14bd
Ngeremlengui,PLW,,#2c2d2c
Ngardmau,PLW,,#2f2a35
Melekeok,PLW,,#313c39
Ngiwal,PLW,,#425c33
Ngchesar,PLW,,#616008
Angaur,PLW,,#66bc21
Ngaraard,PLW,,#677069
Airai,PLW,,#7183a8
Hatobohei,PLW,,#8b4c02
Kayangel,PLW,,#919d0c
Ngarchelong,PLW,,#b65747
Koror,PLW,,#d6bca9
Ngatpang,PLW,,#edebe6
Morobe,PNG,,#060609
Jiwaka,PNG,,#0ee714
National_Capital_District,PNG,,#10231c
North_Solomons,PNG,,#24bef7
Southern_Highlands,PNG,,#28291a
Central,PNG,,#36c62f
Gulf,PNG,,#3d3026
Milne_Bay,PNG,,#3f4a27
Manus,PNG,,#6a86ed
Western_Highlands,PNG,,#71dea7
Western,PNG,,#72aa3b
East_New_Britain,PNG,,#73608d
Northern,PNG,,#8f6c84
Madang,PNG,,#95e4de
Chimbu,PNG,,#aebdb6
Sandaun,PNG,,#c1a174
Enga,PNG,,#c2ed66
Hela,PNG,,#d094dd
East_Sepik,PNG,,#e99ccd
Eastern_Highlands,PNG,,#eba8e7
West_New_Britain,PNG,,#ec4d33
New_Ireland,PNG,,#f7533e
Podlachian,POL,,#090241
Greater_Poland,POL,,#141105
Świętokrzyskie,POL,,#217e70
Masovian,POL,,#2b746e
Lower_Silesian,POL,,#2e2d2d
Subcarpathian,POL,,#2f6e19
Silesian,POL,,#33195a
Opole,POL,,#518c65
Lublin,POL,,#62c986
Warmian-Masurian,POL,,#888e99
Lesser_Poland,POL,,#8c328d
Lubusz,POL,,#96f740
Kuyavian-Pomeranian,POL,,#bf72b7
Pomeranian,POL,,#c0b909
Łódź,POL,,#dfdfca
West_Pomeranian,POL,,#fbf6fa
Puerto_Rico,PRI,,#071724
Hamgyŏng-namdo,PRK,,#030808
Nampo,PRK,,#0d4b60
Hamgyŏng-bukto,PRK,,#180b0d
Phyŏngan-bukto,PRK,,#1d8221
Ryanggang,PRK,,#1ea146
Rasŏn,PRK,,#597b88
Phyŏngan-namdo,PRK,,#689617
Phyŏngyang,PRK,,#826a3b
Hwanghae-bukto,PRK,,#9d91ac
Hwanghae-namdo,PRK,,#c79eac
Chagang-do,PRK,,#d4d6e1
Kangwŏn-do,PRK,,#f3e3fe
Kaesong,PRK,,#f7f8f3
Guarda,PRT,,#091112
Viseu,PRT,,#411306
Lisboa,PRT,,#452400
Faro,PRT,,#4e563d
Castelo_Branco,PRT,,#5b585b
Madeira,PRT,,#63470c
Bragança,PRT,,#69a205
Coimbra,PRT,,#767375
Santarém,PRT,,#7d5bfc
Aveiro,PRT,,#81afbe
Portalegre,PRT,,#8f5a5b
Porto,PRT,,#9068cb
Évora,PRT,,#9c9b9b
Beja,PRT,,#b8defb
Leiria,PRT,,#bb9ec1
Setúbal,PRT,,#e1d4e0
Vila_Real,PRT,,#e26b4f
Azores,PRT,,#edf0f0
Braga,PRT,,#fcfbfc
Viana_do_Castelo,PRT,,#fdf8fc
Asunción,PRY,,#03060a
Cordillera,PRY,,#080507
San_Pedro,PRY,,#1a3b08
Caaguazú,PRY,,#1a896d
Misiones,PRY,,#220c47
Caazapá,PRY,,#231222
Central,PRY,,#27d053
Concepción,PRY,,#299e73
Alto_Paraguay,PRY,,#38fd99
Canindeyú,PRY,,#3c3b05
Presidente_Hayes,PRY,,#502f52
Paraguarí,PRY,,#5ca322
Amambay,PRY,,#99a09b
Guairá,PRY,,#9a8ac9
Ñeembucú,PRY,,#c4b5d0
Itapúa,PRY,,#e99634
Boquerón,PRY,,#eff1f2
Alto_Paraná,PRY,,#fd609f
Gaza_Strip,PSE,,#0e0905
West_Bank,PSE,,#727272
Tuamotu_Gambier,PYF,,#845f69
Leeward_Islands,PYF,,#d03bab
Marquesas_Islands,PYF,,#db5640
Austral_Islands,PYF,,#e8eaf1
Windward_Islands,PYF,,#eab2af
Madinat_ach_Shamal,QAT,,#0d0439
Al_Khawr,QAT,,#1fa27f
Al_Daayen,QAT,,#314039
Umm_Salal,QAT,,#68bcf1
Ar_Rayyān,QAT,,#888a8b
Al_Shahaniya,QAT,,#cbcce2
Al_Wakrah,QAT,,#d7968c
Ad_Dawhah,QAT,,#ebc246
Buzău,ROU,,#000100
Dâmbovița,ROU,,#020500
Maramureș,ROU,,#040303
Vrancea,ROU,,#0d060a
Mureș,ROU,,#0d5a2e
Arad,ROU,,#111324
Cluj,ROU,,#251008
Vaslui,ROU,,#26243f
Argeș,ROU,,#292928
Giurgiu,ROU,,#293150
Dolj,ROU,,#2e308d
Suceava,ROU,,#2e3904
Bistrița-Năsăud,ROU,,#33b0ea
Bacău,ROU,,#424544
Ilfov,ROU,,#513036
Olt,ROU,,#58a772
Alba,ROU,,#6e6145
Bihor,ROU,,#823cb3
Harghita,ROU,,#839cf8
Sibiu,ROU,,#843f78
Galați,ROU,,#8f879a
Mehedinți,ROU,,#9c62ad
Tulcea,ROU,,#a7a2a6
Botoșani,ROU,,#a87f9c
Satu_Mare,ROU,,#afd7f0
Teleorman,ROU,,#b3b7ea
Vâlcea,ROU,,#b9bbce
Caraș-Severin,ROU,,#bbf996
Hunedoara,ROU,,#bdb1c2
Gorj,ROU,,#c08fbd
Constanța,ROU,,#c0c6eb
Ialomița,ROU,,#c5edbc
Sălaj,ROU,,#c6737b
Brașov,ROU,,#cd98ba
Prahova,ROU,,#d9d8ce
Bucharest,ROU,,#dfd7fc
Călărași,ROU,,#e0d8f3
Timiș,ROU,,#e4b0e7
Neamț,ROU,,#e97afd
Iași,ROU,,#f4fbf7
Brăila,ROU,,#f5fee5
Covasna,ROU,,#f7dada
Ul_yanovsk,RUS,,#000000
Vologda,RUS,,#000000
Saratov,RUS,,#02d539
Kursk,RUS,,#030a04
Magadan,RUS,,#07e302
Kostroma,RUS,,#0a894f
Kirov,RUS,,#0ab577
Yevrey,RUS,,#13c4a1
Novosibirsk,RUS,,#157c4f
Smolensk,RUS,,#168393
Mordovia,RUS,,#180c23
Volgograd,RUS,,#1a1a11
Ingush,RUS,,#1a2327
Chechnya,RUS,,#1b0b24
Tver_,RUS,,#1b183d
Astrakhan,RUS,,#1b191e
Komi,RUS,,#1c1f18
Tatarstan,RUS,,#1d1e1b
Chuvash,RUS,,#202723
Nizhegorod,RUS,,#21a07e
Primor_ye,RUS,,#23201c
Stavropol_,RUS,,#25240e
North_Ossetia,RUS,,#2a8957
Tula,RUS,,#2d6c62
Sakhalin,RUS,,#336059
Novgorod,RUS,,#393826
Lipetsk,RUS,,#40191d
Mariy-El,RUS,,#442143
Yaroslavl_,RUS,,#456d2a
Irkutsk,RUS,,#484556
Orel,RUS,,#484601
Kemerovo,RUS,,#4a4a49
Tuva,RUS,,#4bee62
Karelia,RUS,,#4ca950
Kurgan,RUS,,#55fae1
Krasnodar,RUS,,#59535e
Kabardin-Balkar,RUS,,#5a231b
Tyumen_,RUS,,#6891f9
City_of_St__Petersburg,RUS,,#6a0535
Yamal-Nenets,RUS,,#6c30bd
Voronezh,RUS,,#6ca0b1
Krasnoyarsk,RUS,,#710411
Bashkortostan,RUS,,#782138
Gorno-Altay,RUS,,#78fbd7
Kaliningrad,RUS,,#7d80f8
Penza,RUS,,#8282e5
Sakha_Yakutia,RUS,,#862121
Vladimir,RUS,,#86e936
Dagestan,RUS,,#878660
Kaluga,RUS,,#87e09a
Murmansk,RUS,,#89a8e2
Pskov,RUS,,#8a8239
Chelyabinsk,RUS,,#8d74f7
Udmurt,RUS,,#921b50
Buryat,RUS,,#9b6a8d
Ivanovo,RUS,,#a24b9b
Amur,RUS,,#a25d6b
Sverdlovsk,RUS,,#aaa7a9
Rostov,RUS,,#af48df
Moskva,RUS,,#b39872
Nenets,RUS,,#b9eae5
Kalmyk,RUS,,#bef956
Altay,RUS,,#c1c3d4
Omsk,RUS,,#c2a697
Zabaykalsky_Krai,RUS,,#c519ea
Perm_Krai,RUS,,#c6d7a2
Khabarovsk,RUS,,#cda6f9
Bryansk,RUS,,#cddee6
Karachay-Cherkess,RUS,,#d106a4
Ryazan,RUS,,#d2e9d4
Chukchi_Autonomous_Okrug,RUS,,#d5d2aa
Khanty-Mansiy,RUS,,#d9acca
Adygey,RUS,,#ddcbf2
Arkhangel’sk,RUS,,#ecdcd7
Khakass,RUS,,#f05dc5
Kamchatka,RUS,,#f0fc73
Moskovsskaya,RUS,,#f48bc9
Orenburg,RUS,,#f5cbfe
Belgorod,RUS,,#f5edde
Tambov,RUS,,#f7d0f6
Tomsk,RUS,,#f8fbee
Samara,RUS,,#f9fafa
Leningrad,RUS,,#fbfcfc
Northern,RWA,,#0cebaf
Kigali_City,RWA,,#0e1714
Eastern,RWA,,#401121
Western,RWA,,#dead45
Southern,RWA,,#fe81e2
Najran,SAU,,#030202
Asir,SAU,,#0dba11
Al_Bahah,SAU,,#11543a
Al_Jawf,SAU,,#132532
Makkah,SAU,,#181b08
Al_Madinah,SAU,,#2b0c2a
Ash_Sharqiyah,SAU,,#303e0b
Al_Hudud_ash_Shamaliyah,SAU,,#374f6a
Ha_il,SAU,,#430c2b
Ar_Quassim,SAU,,#464a43
Tabuk,SAU,,#5d5954
Jizan,SAU,,#958f32
Ar_Riyad,SAU,,#f0b1ad
Western_Darfur,SDN,,#040500
White_Nile,SDN,,#150f06
Northern,SDN,,#221a03
Blue_Nile,SDN,,#281d09
South_Kordufan,SDN,,#2b0239
West_Kordufan,SDN,,#3792b4
Kassala,SDN,,#566d64
North_Kordufan,SDN,,#824e83
Central_Darfur,SDN,,#83f6e2
Eastern_Darfur,SDN,,#bca7f6
Sennar,SDN,,#cb69fe
Southern_Darfur,SDN,,#d1b254
Red_Sea,SDN,,#d8ede1
River_Nile,SDN,,#dccefb
North_Darfur,SDN,,#e4d7f6
Khartoum,SDN,,#ecc3d1
Gezira,SDN,,#f2cde6
Gedarif,SDN,,#fa730f
Louga,SEN,,#000100
Saint-Louis,SEN,,#010201
Diourbel,SEN,,#070005
Fatick,SEN,,#072b00
Dakar,SEN,,#0e0603
Kédougou,SEN,,#121502
Ziguinchor,SEN,,#19201d
Tambacounda,SEN,,#1e0102
Thiès,SEN,,#24b112
Kaolack,SEN,,#65859c
Kolda,SEN,,#96f401
Sédhiou,SEN,,#9f90a7
Kaffrine,SEN,,#b27979
Matam,SEN,,#f1f0f0
North_West,SGP,,#032b3c
South_East,SGP,,#17696e
South_West,SGP,,#b6e3a2
North_East,SGP,,#cdd2d4
Central_Singapore,SGP,,#f225c9
South_Georgia_and_the_South_Sandwich_Islands,SGS,,#013e52
Saint_Helena,SHN,,#2e60e1
Ascension,SHN,,#caddf5
Tristan_da_Cunha,SHN,,#cccccb
Malaita,SLB,,#015203
Makira,SLB,,#15bb04
Choiseul,SLB,,#272836
Capital_Territory_Honiara,SLB,,#2c102d
Central,SLB,,#318856
Western,SLB,,#678e84
Rennell_and_Bellona,SLB,,#c6a1c6
Isabel,SLB,,#dda56e
Guadalcanal,SLB,,#f0f5f5
Temotu,SLB,,#f7b1a4
Northern,SLE,,#111209
North_Western,SLE,,#39b04a
Eastern,SLE,,#8b1f14
Southern,SLE,,#b01b1b
Western,SLE,,#b1b2b2
Chalatenango,SLV,,#00718f
San_Miguel,SLV,,#0a7c07
San_Salvador,SLV,,#0e0509
Santa_Ana,SLV,,#4d3120
La_Libertad,SLV,,#4e3131
Usulután,SLV,,#63597a
La_Unión,SLV,,#665bd4
Sonsonate,SLV,,#709811
La_Paz,SLV,,#7777a8
Ahuachapán,SLV,,#7c9d8f
Cuscatlán,SLV,,#8c495a
San_Vicente,SLV,,#c6dde9
Cabañas,SLV,,#f5f5f6
Morazán,SLV,,#fcebf5
San_Marino,SMR,,#425bef
Jubbada_Hoose,SOM,,#0c210a
Bari,SOM,,#1a1713
Hiiraan,SOM,,#464746
Shabeellaha_Hoose,SOM,,#4f5437
Bay,SOM,,#514232
Galguduud,SOM,,#a0a0d5
Gedo,SOM,,#accacf
Bakool,SOM,,#b1c3cc
Nugaal,SOM,,#b2be2b
Banaadir,SOM,,#d2d6c5
Mudug,SOM,,#e5e6e6
Shabeellaha_Dhexe,SOM,,#fbfee1
Jubbada_Dhexe,SOM,,#fea891
Saint_Pierre,SPM,,#b169da
Miquelon_Langlade,SPM,,#b1b7d2
Macvanski,SRB,,#000000
Zapadno-Backi,SRB,,#000902
Zajecarski,SRB,,#05062c
Jablanicki,SRB,,#070606
Kolubarski,SRB,,#0d3a30
Grad_Beograd,SRB,,#1a6f54
Srednje-Banatski,SRB,,#1c1e7f
Severno-Banatski,SRB,,#26191c
Pirotski,SRB,,#2c0517
Sremski,SRB,,#2f8e9c
Toplicki,SRB,,#3d3245
Šumadijski,SRB,,#4070ab
Nišavski,SRB,,#508578
Pomoravski,SRB,,#70766b
Južno-Banatski,SRB,,#7b887f
Severno-Backi,SRB,,#8559f6
Rasina,SRB,,#a9868f
Zlatiborski,SRB,,#b1b9bc
Moravicki,SRB,,#b4a459
Pcinjski,SRB,,#b5e8e4
Raški,SRB,,#bab893
Borski,SRB,,#c7b344
Branicevski,SRB,,#cc83e4
Južno-Backi,SRB,,#e7a270
Podunavski,SRB,,#f5f5f4
East_Equatoria,SSD,,#09ac71
Lakes,SSD,,#100b0b
Central_Equatoria,SSD,,#14e70a
West_Bahr-al-Ghazal,SSD,,#4646e9
Jonglei,SSD,,#490c4b
North_Bahr-al-Ghazal,SSD,,#528c2b
Warrap,SSD,,#56c946
West_Equatoria,SSD,,#76a073
Upper_Nile,SSD,,#9cc5cd
Ruweng,SSD,,#a5f47f
Pibor,SSD,,#a93088
Unity,SSD,,#fef9ad
São_Tomé,STP,,#182c55
Príncipe,STP,,#a4afdb
Saramacca,SUR,,#010100
Commewijne,SUR,,#010106
Coronie,SUR,,#252980
Paramaribo,SUR,,#381cb1
Marowijne,SUR,,#5c340d
Nickerie,SUR,,#aa6357
Wanica,SUR,,#b5b09e
Brokopondo,SUR,,#daefe9
Sipaliwini,SUR,,#f2d7cf
Para,SUR,,#f3307e
Nitriansky,SVK,,#1cea07
Žilinský,SVK,,#378ed8
Prešov,SVK,,#666d69
Bratislavský,SVK,,#9f6866
Košický,SVK,,#a140b3
Banskobystrický,SVK,,#c7e790
Trnavský,SVK,,#e3e2e3
Trenciansky,SVK,,#fdd9ae
Lower_Sava,SVN,,#060505
Littoral_Inner_Carniola,SVN,,#0f450c
Drava,SVN,,#25443d
Southeast_Slovenia,SVN,,#606067
Upper_Carniola,SVN,,#691cd3
Gorizia,SVN,,#6b6c98
Savinja,SVN,,#958c8e
Carinthia,SVN,,#b3bacc
Central_Slovenia,SVN,,#c58ac4
Central_Sava,SVN,,#dfdcd8
Coastal_Karst,SVN,,#f7f6f6
Mura,SVN,,#fdf9f2
Gotland,SWE,,#103d24
Blekinge,SWE,,#222613
Västmanland,SWE,,#2dd4ca
Skåne,SWE,,#354302
Jönköping,SWE,,#443c6b
Norrbotten,SWE,,#4c2d44
Östergötland,SWE,,#4c6748
Dalarna,SWE,,#4f4136
Stockholm,SWE,,#67e760
Södermanland,SWE,,#6fa2f6
Värmland,SWE,,#7222c3
Västra_Götaland,SWE,,#855040
Kalmar,SWE,,#bfaee9
Gävleborg,SWE,,#c2bfbf
Halland,SWE,,#c5f3b4
Västernorrland,SWE,,#dbf271
Uppsala,SWE,,#e2c4ed
Jämtland,SWE,,#e2e3d8
Kronoberg,SWE,,#e7eeee
Örebro,SWE,,#edf6cb
Västerbotten,SWE,,#fafafb
Manzini,SWZ,,#0e0e03
Hhohho,SWZ,,#28332b
Lubombo,SWZ,,#310641
Shiselweni,SWZ,,#fdfcfd
Sint_Maarten,SXM,,#d8b5d3
Bel_Ombre,SYC,,#000007
English_River,SYC,,#070826
Mont_Buxton,SYC,,#0b8e7a
Grand_Anse,SYC,,#0c33f7
Bel_Air,SYC,,#172011
Port_Glaud,SYC,,#191415
Baie_Sainte_Anne,SYC,,#1e2322
Grand_Anse_Praslin,SYC,,#270f44
Roche_Caïman,SYC,,#2a8b99
Baie_Lazare,SYC,,#300b29
Outer_Islands,SYC,,#373c4e
Beau_Vallon,SYC,,#3e7413
Glacis,SYC,,#4c1734
Cascade,SYC,,#57584d
Anse_Etoile,SYC,,#593a56
Pointe_La_Rue,SYC,,#75aa75
Anse_aux_Pins,SYC,,#89dac2
Saint_Louis,SYC,,#910a80
Anse_Boileau,SYC,,#a19ac5
Takamaka,SYC,,#b88ae3
Anse_Royale,SYC,,#beccf5
La_Digue_and_Inner_Islands,SYC,,#cbfaf5
Les_Mamelles,SYC,,#cee2e5
Mont_Fleuri,SYC,,#d70494
Plaisance,SYC,,#fafbfa
Au_Cap,SYC,,#febfcc
Aleppo,SYR,,#060301
Dayr_Az_Zawr,SYR,,#1f9ec8
As_Suwayda_,SYR,,#2d4227
UNDOF,SYR,,#37822f
Lattakia,SYR,,#3eba0d
Ar_Raqqah,SYR,,#8b5c77
Idlib,SYR,,#9e6b7d
Homs_Hims,SYR,,#a770e5
Damascus,SYR,,#c99140
Tartus,SYR,,#d1ae8e
Rif_Dimashq,SYR,,#e19c9a
Dar_a,SYR,,#eccf6b
Quneitra,SYR,,#f5f4ec
Hamah,SYR,,#fbfafb
Hasaka,SYR,,#fefce1
Salt_Cay,TCA,,#75446b
North_Caicos,TCA,,#7b8c61
Middle_Caicos,TCA,,#89f2ec
Grand_Turk,TCA,,#dfdadf
South_Caicos_and_East_Caicos,TCA,,#ecf1ef
Providenciales_and_West_Caicos,TCA,,#fdc2fc
Ouaddaï,TCD,,#053217
Kanem,TCD,,#191014
Chari-Baguirmi,TCD,,#1a1905
Tandjilé,TCD,,#2d263f
Borkou,TCD,,#4a0529
Logone_Occidental,TCD,,#4b3da4
Logone_Oriental,TCD,,#5c5853
Mandoul,TCD,,#88857f
Batha,TCD,,#937c68
Ville_de_N_Djamena,TCD,,#938fda
Tibesti,TCD,,#94c9a9
Guéra,TCD,,#958692
Mayo-Kebbi_Est,TCD,,#a38890
Mayo-Kebbi_Ouest,TCD,,#c2c8d9
Wadi_Fira,TCD,,#c424f9
Salamat,TCD,,#c5ed9e
Moyen-Chari,TCD,,#ccd3cc
Ennedi_Est,TCD,,#d8c0bd
Hadjer-Lamis,TCD,,#e1e0e9
Lac,TCD,,#e4ca6d
Ennedi_Ouest,TCD,,#e9e4e0
Sila,TCD,,#e9f8db
Barh_El_Gazel,TCD,,#f6eaf7
Savanes,TGO,,#0f120b
Maritime,TGO,,#3e131b
Plateaux,TGO,,#4a3941
Kara,TGO,,#b765c8
Centre,TGO,,#fecbe3
Mae_Hong_Son,THA,,#050407
Chachoengsao,THA,,#0b0602
Samut_Prakan,THA,,#120914
Sukhothai,THA,,#127b72
Chon_Buri,THA,,#130b04
Surin,THA,,#143d37
Phichit,THA,,#172218
Nakhon_Nayok,THA,,#1b2106
Nakhon_Ratchasima,THA,,#1f2428
Chiang_Mai,THA,,#204518
Nong_Bua_Lam_Phu,THA,,#211b08
Loei,THA,,#21e8d8
Suphan_Buri,THA,,#25240a
Ubon_Ratchathani,THA,,#267569
Prachuap_Khiri_Khan,THA,,#2e2441
Phatthalung,THA,,#30392e
Nonthaburi,THA,,#31422b
Udon_Thani,THA,,#320322
Phra_Nakhon_Si_Ayutthaya,THA,,#3293f7
Lampang,THA,,#351e53
Phitsanulok,THA,,#3c5f49
Pathum_Thani,THA,,#3e2723
Sing_Buri,THA,,#4aa771
Narathiwat,THA,,#4e895a
Samut_Sakhon,THA,,#4f1e2f
Yasothon,THA,,#51412a
Khon_Kaen,THA,,#64535f
Sakon_Nakhon,THA,,#656462
Uttaradit,THA,,#6600a1
Buri_Ram,THA,,#6c6343
Mukdahan,THA,,#72116a
Kamphaeng_Phet,THA,,#7b757c
Surat_Thani,THA,,#7c42ad
Sa_Kaeo,THA,,#7e81ef
Yala,THA,,#83302e
Phangnga,THA,,#833ed1
Roi_Et,THA,,#856283
Lamphun,THA,,#87e2ae
Tak,THA,,#8b9889
Chumphon,THA,,#8bc6be
Nakhon_Pathom,THA,,#8d978a
Maha_Sarakham,THA,,#988503
Prachin_Buri,THA,,#9fe782
Nan,THA,,#a11bd2
Chaiyaphum,THA,,#a3c9d8
Bangkok_Metropolis,THA,,#a3f4ed
Amnat_Charoen,THA,,#a9bab8
Uthai_Thani,THA,,#aa8dec
Samut_Songkhram,THA,,#ab6875
Chiang_Rai,THA,,#afd0bb
Pattani,THA,,#b2c79c
Ratchaburi,THA,,#b3a994
Kanchanaburi,THA,,#b49dae
Songkhla,THA,,#bbb868
Trang,THA,,#bc1091
Satun,THA,,#c30a9a
Nakhon_Phanom,THA,,#c3dcc1
Nakhon_Sawan,THA,,#c7f2d0
Phuket,THA,,#d7d3c0
Chai_Nat,THA,,#d9d7de
Nakhon_Si_Thammarat,THA,,#d9e0c5
Phayao,THA,,#daf30a
Chanthaburi,THA,,#dedbd7
Ang_Thong,THA,,#e0e1e1
Kalasin,THA,,#e78608
Saraburi,THA,,#e8d683
Phetchaburi,THA,,#e8eced
Bueng_Kan,THA,,#ebcade
Phrae,THA,,#edeaef
Krabi,THA,,#efd4e5
Nong_Khai,THA,,#efe5f2
Trat,THA,,#eff4e3
Si_Sa_Ket,THA,,#f47f8a
Rayong,THA,,#f55914
Phetchabun,THA,,#f5d2cc
Lop_Buri,THA,,#fbf0f1
Ranong,THA,,#fc2d63
Dushanbe,TJK,,#bdf6d7
Tadzhikistan_Territories,TJK,,#c9fae0
Leninabad,TJK,,#d4dd88
Gorno-Badakhshan,TJK,,#eaefec
Khatlon,TJK,,#eba4b5
Tokelau,TKL,,#191148
Ahal,TKM,,#07ea5c
Balkan,TKM,,#0c0b07
Asghabat,TKM,,#2d0f40
Mary,TKM,,#378cac
Chardzhou,TKM,,#462741
Tashauz,TKM,,#f6b2f7
Lautem,TLS,,#042107
Aileu,TLS,,#080508
Liquica,TLS,,#121915
Bobonaro,TLS,,#1c7154
Ainaro,TLS,,#43da63
Dili,TLS,,#56c619
Manufahi,TLS,,#6f604c
Baucau,TLS,,#7d4d0e
Cova_Lima,TLS,,#7ecf80
Ermera,TLS,,#7f3266
Viqueque,TLS,,#c6f5da
Atauro,TLS,,#d9dada
Ambeno,TLS,,#dd9c68
Manatuto,TLS,,#eff7fc
Vava_u,TON,,#272c5a
Eua,TON,,#2b503f
Niuas,TON,,#d2c8f1
Ha_apai,TON,,#f6ed61
Tongatapu,TON,,#fbead4
San_Juan_Laventille,TTO,,#0b0b20
San_Fernando,TTO,,#0fc906
Diego_Martin,TTO,,#330e3f
Chaguanas,TTO,,#361b1f
Tunapuna_Piarco,TTO,,#39b0c2
Point_Fortin,TTO,,#481326
Princes_Town,TTO,,#771e06
Couva_Tabaquite_Talparo,TTO,,#8bf786
Siparia,TTO,,#8c6a19
Eastern_Tobago,TTO,,#ac33be
Sangre_Grande,TTO,,#b29de6
Port_of_Spain,TTO,,#bf86e7
Penal_Debe,TTO,,#cbbeac
Arima,TTO,,#d07203
Rio_Claro_Mayaro,TTO,,#d6f7f2
Western_Tobago,TTO,,#eac3de
Gafsa,TUN,,#0a772e
Siliana,TUN,,#2a452d
Le_Kef,TUN,,#3b2f10
Médenine,TUN,,#3c5955
Sfax,TUN,,#450c27
Tozeur,TUN,,#494808
Kassérine,TUN,,#5772b6
Tataouine,TUN,,#595712
Nabeul,TUN,,#6f8e7b
Mahdia,TUN,,#77a22d
Manouba,TUN,,#8aacb1
Kairouan,TUN,,#93b1b7
Ariana,TUN,,#999e9e
Ben_Arous_Tunis_Sud,TUN,,#9cd493
Monastir,TUN,,#a1aaca
Kebili,TUN,,#a280f9
Béja,TUN,,#b6d5cc
Sidi_Bou_Zid,TUN,,#c80994
Jendouba,TUN,,#caa8f5
Bizerte,TUN,,#cdb6bf
Sousse,TUN,,#d60c07
Gabès,TUN,,#d9dad9
Tunis,TUN,,#f5f5fe
Zaghouan,TUN,,#fee9f6
Trabzon,TUR,,#000000
Bolu,TUR,,#010202
Elazig,TUR,,#010900
Kars,TUR,,#011c28
Kilis,TUR,,#063706
Karabük,TUR,,#070900
Isparta,TUR,,#07886e
Diyarbakir,TUR,,#080c07
Kastamonu,TUR,,#0b0025
Nevsehir,TUR,,#0d1a19
Yalova,TUR,,#0e1c27
Kütahya,TUR,,#0e232d
Sivas,TUR,,#0f560b
Iğdir,TUR,,#110b06
Bursa,TUR,,#113148
Mugla,TUR,,#122d17
Kırıkkale,TUR,,#1d2106
Sakarya,TUR,,#1d6c60
Batman,TUR,,#1d7174
Van,TUR,,#1fae1f
Mardin,TUR,,#222529
Hatay,TUR,,#257a6d
Burdur,TUR,,#2a4861
Düzce,TUR,,#2f501b
Artvin,TUR,,#301d26
Antalya,TUR,,#340172
Eskisehir,TUR,,#35372c
Giresun,TUR,,#38281f
Bayburt,TUR,,#3c8b65
Agri,TUR,,#3e343f
Aksaray,TUR,,#461915
Edirne,TUR,,#46291b
K__Maras,TUR,,#4a4d18
Erzurum,TUR,,#55613a
Afyonkarahisar,TUR,,#61827f
Bartın,TUR,,#629987
Tunceli,TUR,,#6690c9
Balikesir,TUR,,#671244
Erzincan,TUR,,#68c443
Manisa,TUR,,#78ce5d
Zonguldak,TUR,,#7b9282
Bitlis,TUR,,#7ca374
Sirnak,TUR,,#82a524
Kirklareli,TUR,,#83f544
Tokat,TUR,,#8427c6
Gümüshane,TUR,,#88d59e
Sanliurfa,TUR,,#89026b
Nigde,TUR,,#8bbb68
Konya,TUR,,#96a19e
Mersin,TUR,,#9ba071
Çorum,TUR,,#9ca075
Adiyaman,TUR,,#a1b4a3
Izmir,TUR,,#a27788
Hakkari,TUR,,#afa8df
Sinop,TUR,,#affb5e
Ardahan,TUR,,#b51ea1
Rize,TUR,,#bc9797
Tekirdag,TUR,,#bca5de
Gaziantep,TUR,,#c8dceb
Mus,TUR,,#ca7da9
Karaman,TUR,,#cb81cc
Istanbul,TUR,,#ccf6bd
Amasya,TUR,,#d2fbd0
Kocaeli,TUR,,#d6cdee
Yozgat,TUR,,#daeafd
Adana,TUR,,#e0ecf1
Bilecik,TUR,,#e1e1dc
Ordu,TUR,,#e245c6
Samsun,TUR,,#e487c9
Aydin,TUR,,#e4e788
Siirt,TUR,,#e7e4e7
Çanakkale,TUR,,#e8fae1
Usak,TUR,,#e9beda
Osmaniye,TUR,,#eae7e9
Malatya,TUR,,#eef0eb
Ankara,TUR,,#effee1
Çankiri,TUR,,#f0fdfd
Kirsehir,TUR,,#f5f6f8
Denizli,TUR,,#f9f8f9
Kayseri,TUR,,#f9fee1
Bingöl,TUR,,#faf3f7
Tuvalu,TUV,,#0f120f
Miaoli,TWN,,#29502b
Chiayi_City,TWN,,#307b93
Changhua,TWN,,#369497
Keelung_City,TWN,,#3708ad
Yunlin,TWN,,#3b362e
Penghu,TWN,,#412404
Kinmen,TWN,,#464362
Kaohsiung_City,TWN,,#4c353c
Taitung,TWN,,#67786d
Chiayi,TWN,,#74fa59
Nantou,TWN,,#82852a
Yilan,TWN,,#84b45d
Taipei_City,TWN,,#8e9877
Hsinchu_City,TWN,,#9bcfec
Taichung_City,TWN,,#aa6bc4
Hsinchu,TWN,,#b7d2af
Tainan_City,TWN,,#bced76
Pingtung,TWN,,#bec4db
Taoyuan,TWN,,#c2dce9
Hualien,TWN,,#c59cbd
New_Taipei_City,TWN,,#f8e4db
Kigoma,TZA,,#000001
Rukwa,TZA,,#05080a
Arusha,TZA,,#060d09
Kusini_Pemba,TZA,,#06250d
Mbeya,TZA,,#06c15e
Kaskazini_Pemba,TZA,,#12359b
Ruvuma,TZA,,#17151e
Morogoro,TZA,,#18260d
Zanzibar_West,TZA,,#204923
Manyara,TZA,,#250f56
Singida,TZA,,#2f2b56
Mara,TZA,,#303130
Kaskazini_Unguja,TZA,,#3f9fd6
Dar_Es_Salaam,TZA,,#514b52
Dodoma,TZA,,#697b20
Geita,TZA,,#74adbf
Kilimanjaro,TZA,,#786b82
Mwanza,TZA,,#825369
Njombe,TZA,,#8b524e
Tabora,TZA,,#916be8
Mtwara,TZA,,#ab9f8e
Iringa,TZA,,#bcd69b
Katavi,TZA,,#cac1ca
Lindi,TZA,,#cdc0b0
Shinyanga,TZA,,#dbeac1
Kagera,TZA,,#ddb1f6
Tanga,TZA,,#e33ad1
Simiyu,TZA,,#f8f1f8
Pwani,TZA,,#f9fef5
Zanzibar_South_and_Central,TZA,,#fcfdf8
Kalungu,UGA,,#010204
Amuria,UGA,,#06bfa2
Kaliro,UGA,,#080805
Ngora,UGA,,#093a27
Ntungamo,UGA,,#0e736a
Kampala,UGA,,#0eeb7b
Napak,UGA,,#0f0f14
Bundibugyo,UGA,,#0f1609
Mbale,UGA,,#100956
Rukungiri,UGA,,#141413
Arua,UGA,,#15353a
Buvuma,UGA,,#15e6b7
Mpigi,UGA,,#17073c
Maracha,UGA,,#171616
Tororo,UGA,,#17625e
Gomba,UGA,,#177620
Kyenjojo,UGA,,#18289f
Masindi,UGA,,#184141
Namayingo,UGA,,#18613c
Bududa,UGA,,#189199
Kisoro,UGA,,#1a0b19
Gulu,UGA,,#1c0f28
Oyam,UGA,,#1c2510
Bukwa,UGA,,#1f231a
Kotido,UGA,,#1f8bfa
Apac,UGA,,#202815
Kiryandongo,UGA,,#241b0b
Budaka,UGA,,#259432
Hoima,UGA,,#272629
Kamuli,UGA,,#283e25
Kiruhura,UGA,,#292390
Abim,UGA,,#2c2c05
Nwoya,UGA,,#2c343d
Isingiro,UGA,,#2e2073
Bukedea,UGA,,#2e7789
Adjumani,UGA,,#2f2b26
Buikwe,UGA,,#30c969
Bushenyi,UGA,,#320b03
Katakwi,UGA,,#324d33
Iganga,UGA,,#373a31
Lamwo,UGA,,#374f86
Luuka,UGA,,#390a2e
Mbarara,UGA,,#39ba3f
Kibuku,UGA,,#39d456
Butambala,UGA,,#3a0d7e
Mukono,UGA,,#3a3b12
Busia,UGA,,#3fcdf0
Bugiri,UGA,,#40b031
Kaabong,UGA,,#463941
Agago,UGA,,#484d08
Otuke,UGA,,#4b4fee
Kabarole,UGA,,#4c2d76
Kanungu,UGA,,#4c8581
Kalangala,UGA,,#534048
Kaberamaido,UGA,,#5442a3
Kapchorwa,UGA,,#562217
Amuru,UGA,,#5879a5
Koboko,UGA,,#5b3020
Kitgum,UGA,,#5ed235
Yumbe,UGA,,#5fceea
Rakai,UGA,,#61e8c4
Kabale,UGA,,#673380
Moyo,UGA,,#682150
Nebbi,UGA,,#6a56c3
Rubirizi,UGA,,#6a5b64
Kween,UGA,,#6b5f28
Kasese,UGA,,#6b7853
Wakiso,UGA,,#6b8dac
Kayunga,UGA,,#6c70b5
Nakasongola,UGA,,#754cb3
Kole,UGA,,#7870b5
Alebtong,UGA,,#7a0e8d
Mayuge,UGA,,#7d4dc4
Ibanda,UGA,,#7e0f72
Sembabule,UGA,,#7f7c6e
Lira,UGA,,#7fd271
Sironko,UGA,,#8b5a69
Manafwa,UGA,,#8ec66f
Kibale,UGA,,#8f3697
Kyankwanzi,UGA,,#918a88
Buhweju,UGA,,#91b891
Buliisa,UGA,,#9549d0
Mubende,UGA,,#999640
Kumi,UGA,,#9c093d
Bukomansimbi,UGA,,#aaf5b4
Zombo,UGA,,#b2afc0
Ntoroko,UGA,,#b39d88
Butaleja,UGA,,#be59f2
Amolatar,UGA,,#bef1c6
Amudat,UGA,,#c1c6c4
Kyegegwa,UGA,,#c21133
Nakaseke,UGA,,#c9e58e
Namutumba,UGA,,#d3b9aa
Moroto,UGA,,#d3e7ca
Luweero,UGA,,#d594d9
Masaka,UGA,,#daca11
Nakapiripirit,UGA,,#dde2e1
Soroti,UGA,,#e1f26b
Lwengo,UGA,,#e693b2
Mityana,UGA,,#e7b2ca
Kamwenge,UGA,,#e7fbd6
Sheema,UGA,,#e87643
Jinja,UGA,,#e95ed7
Bulambuli,UGA,,#ebd2b2
Pader,UGA,,#eef1ec
Lyantonde,UGA,,#f4f6f9
Kiboga,UGA,,#f5d3c8
Mitooma,UGA,,#f7f7f6
Dokolo,UGA,,#f9c4dd
Pallisa,UGA,,#fae5f9
Buyende,UGA,,#fcfcf3
Serere,UGA,,#fdfcfc
Kharkiv,UKR,,#0b0902
Luhansk,UKR,,#0f021b
Chernihiv,UKR,,#102d31
Sevastopol,UKR,,#161f1a
Zaporizhzhya,UKR,,#173e2e
Khmelnytskyi,UKR,,#1fdad4
Crimea,UKR,,#28e3a8
Ternopil_,UKR,,#2c836f
Cherkasy,UKR,,#303d0c
L’viv,UKR,,#466562
Dnipropetrovsk,UKR,,#51493e
Donetsk,UKR,,#55ec19
Zhytomyr,UKR,,#5a9975
Poltava,UKR,,#657c77
Sumy,UKR,,#76576e
Rivne,UKR,,#7a8a5d
Kherson,UKR,,#94a291
Volyn,UKR,,#9b7e6a
Kyiv_city,UKR,,#9ba598
Chernivtsi,UKR,,#ab8bc2
Kyiv,UKR,,#abfef5
Odessa,UKR,,#ac99d6
Ivano-Frankivsk,UKR,,#d9d0e7
Transcarpathia,UKR,,#e2dceb
Mykolayiv,UKR,,#f7dce2
Vinnytsya,UKR,,#f9faf9
Kirovohrad,UKR,,#fbfdfa
Palmyra_Atoll,UMI,,#0e3d0e
Howland_Island,UMI,,#4a6a05
Wake_Atoll,UMI,,#6bf6a9
Johnston_Atoll,UMI,,#783431
Navassa_Island,UMI,,#794f30
Jarvis_Island,UMI,,#b1b4b4
Baker_Island,UMI,,#c2a79f
Midway_Islands,UMI,,#f7edda
Treinta_y_Tres,URY,,#070508
Colonia,URY,,#0e2525
Paysandú,URY,,#141c27
Lavalleja,URY,,#43061a
Soriano,URY,,#563e39
Montevideo,URY,,#56401b
Salto,URY,,#865cc5
Río_Negro,URY,,#95867a
Cerro_Largo,URY,,#98e764
Florida,URY,,#9abc93
Artigas,URY,,#a34473
San_José,URY,,#af665e
Maldonado,URY,,#cbc8d0
Canelones,URY,,#d0fbd6
Flores,URY,,#dcd6f3
Tacuarembó,URY,,#e3e6ec
Durazno,URY,,#f9eed8
Rocha,URY,,#fbbabc
Rivera,URY,,#fef5e7
Ohio,USA,,#071615
Massachusetts,USA,,#081d21
Maryland,USA,,#11340d
Montana,USA,,#1a7805
Iowa,USA,,#1b648e
Vermont,USA,,#1b64c8
Colorado,USA,,#1e3f71
New_Jersey,USA,,#1f1414
New_Mexico,USA,,#225d38
North_Carolina,USA,,#251883
Tennessee,USA,,#2a7c93
Oregon,USA,,#2d1b0a
Michigan,USA,,#397b30
Alabama,USA,,#3ca543
Delaware,USA,,#5a2a5b
Missouri,USA,,#5a4c3c
Florida,USA,,#5bdec7
Arizona,USA,,#60e1b8
California,USA,,#61c64d
South_Carolina,USA,,#632cc7
Washington,USA,,#788db7
Louisiana,USA,,#7f23aa
Pennsylvania,USA,,#8ddbde
Kentucky,USA,,#915016
Alaska,USA,,#918c8a
Utah,USA,,#a0fe91
Nevada,USA,,#a1ad92
Wisconsin,USA,,#a5a0a4
Hawaii,USA,,#ab9d90
Georgia,USA,,#adacaa
Illinois,USA,,#b28979
Wyoming,USA,,#b47873
Minnesota,USA,,#b5b5b2
Connecticut,USA,,#b7ac2e
Oklahoma,USA,,#b81f1f
New_York,USA,,#bdb5ae
West_Virginia,USA,,#bf0874
Idaho,USA,,#c0cff1
New_Hampshire,USA,,#cbf679
Indiana,USA,,#d0b3c1
Mississippi,USA,,#d3e8f6
Kansas,USA,,#dbc87e
Arkansas,USA,,#e1d9ec
North_Dakota,USA,,#ebf1e8
Virginia,USA,,#ecc5af
Nebraska,USA,,#eddbd6
District_of_Columbia,USA,,#ededed
Rhode_Island,USA,,#eeebe3
South_Dakota,USA,,#efd2ea
Maine,USA,,#f4e5f4
Texas,USA,,#f6cbf8
Tashkent_City,UZB,,#294230
Karakalpakstan,UZB,,#2dd072
Khorezm,UZB,,#4572d8
Tashkent,UZB,,#4b2d0c
Navoi,UZB,,#4d7190
Surkhandarya,UZB,,#741b53
Sirdaryo,UZB,,#88c3d9
Namangan,UZB,,#9ec590
Andijon,UZB,,#cd6052
Ferghana,UZB,,#dde8e3
Jizzakh,UZB,,#e6e8ed
Kashkadarya,UZB,,#e6f5ed
Samarkand,UZB,,#f0f8d9
Bukhoro,UZB,,#f1f3f0
Vatican,VAT,,#afdf9c
Saint_Vincent_and_the_Grenadines,VCT,,#e6e3fc
Anzoátegui,VEN,,#000101
La_Guaira,VEN,,#09158a
Aragua,VEN,,#0e102d
Zulia,VEN,,#13290a
Barinas,VEN,,#172a09
Amazonas,VEN,,#2f382b
Cojedes,VEN,,#332948
Guárico,VEN,,#36435d
Dependencias_Federales,VEN,,#3c031e
Sucre,VEN,,#479346
Carabobo,VEN,,#662c0f
Nueva_Esparta,VEN,,#74381b
Apure,VEN,,#762956
Monagas,VEN,,#92c50a
Trujillo,VEN,,#99deb1
Yaracuy,VEN,,#9af3b3
Distrito_Capital,VEN,,#9c7655
Miranda,VEN,,#a0f1e1
Delta_Amacuro,VEN,,#c0c8e7
Mérida,VEN,,#c8b56b
Portuguesa,VEN,,#c926cf
Falcón,VEN,,#eef0e7
Táchira,VEN,,#f0fdee
Bolívar,VEN,,#f39b54
Lara,VEN,,#fd862e
British_Virgin_Islands,VGB,,#e1dcdc
Saint_Thomas,VIR,,#4c302f
Saint_Croix,VIR,,#96656a
Saint_John,VIR,,#d1bb9e
Ðong_Tháp,VNM,,#010601
Lạng_Sơn,VNM,,#044251
Kon_Tum,VNM,,#101b19
Hòa_Bình,VNM,,#120401
Ninh_Bình,VNM,,#192a23
Can_Tho,VNM,,#1d3411
Thanh_Hóa,VNM,,#1e012c
Quảng_Ninh,VNM,,#1f2932
Bình_Phước,VNM,,#221d1e
Ninh_Thuận,VNM,,#222523
Hà_Nam,VNM,,#292336
Khánh_Hòa,VNM,,#2e2061
Quảng_Trị,VNM,,#2f0b42
Đồng_Nai,VNM,,#2f8673
Quảng_Bình,VNM,,#34380b
Yên_Bái,VNM,,#3b3034
Cà_Mau,VNM,,#3c1461
Tiền_Giang,VNM,,#3d09b2
Ho_Chí_Minh_city,VNM,,#3d263d
Bạc_Liêu,VNM,,#3f7869
An_Giang,VNM,,#411a1f
Gia_Lai,VNM,,#4c975e
Dak_Lak,VNM,,#544c8d
Son_La,VNM,,#55596c
Quảng_Ngãi,VNM,,#5a5d50
Vĩnh_Phúc,VNM,,#5d8475
Thái_Nguyên,VNM,,#648965
Ha_Tinh,VNM,,#690014
Bắc_Ninh,VNM,,#716428
Bà_Rịa–Vũng_Tàu,VNM,,#755d9e
Trà_Vinh,VNM,,#7df922
Thừa_Thiên_-_Huế,VNM,,#81ca81
Ha_Noi,VNM,,#86b7b1
Lâm_Đong,VNM,,#8b887c
Hau_Giang,VNM,,#8c5972
Kiên_Giang,VNM,,#99bf46
Phú_Thọ,VNM,,#9f2616
Hưng_Yên,VNM,,#b1bc7b
Tuyên_Quang,VNM,,#bbaeaa
Thái_Bình,VNM,,#c51234
Phú_Yên,VNM,,#ca6c39
Long_An,VNM,,#cdf4d8
Nghệ_An,VNM,,#d0bc91
Hải_Phòng,VNM,,#d0f1f5
Vĩnh_Long,VNM,,#d4d8df
Bình_Dương,VNM,,#d5c5d8
Bến_Tre,VNM,,#dacac9
Đà_Nẵng,VNM,,#dadfdb
Lào_Cai,VNM,,#dbd4db
Bắc_Kạn,VNM,,#dbf2d7
Cao_Bằng,VNM,,#ded185
Bắc_Giang,VNM,,#e03db0
Điện_Biên,VNM,,#e165c2
Sóc_Trăng,VNM,,#e5df7c
Nam_Định,VNM,,#e6956d
Bình_Định,VNM,,#e79f58
Đắk_Nông,VNM,,#ecfedb
Quàng_Nam,VNM,,#eff8f3
Lai_Chau,VNM,,#effced
Tây_Ninh,VNM,,#f6f5f6
Hải_Dương,VNM,,#f7e9e6
Bình_Thuận,VNM,,#f9856e
Hà_Giang,VNM,,#f9f1fc
Penama,VUT,,#1882a1
Tafea,VUT,,#3415ba
Shefa,VUT,,#3f1810
Torba,VUT,,#3f433a
Sanma,VUT,,#554418
Malampa,VUT,,#fbfee5
Uvea,WLF,,#91aafa
Sigave,WLF,,#a6b102
Alo,WLF,,#d50279
Fa_asaleleaga,WSM,,#050300
Gaga_ifomauga,WSM,,#11b621
A_ana,WSM,,#1ef391
Va_a_o_Fonoti,WSM,,#490b7e
Satupa_itea,WSM,,#567364
Gaga_emauga,WSM,,#59612a
Atua,WSM,,#8ee5b9
Palauli,WSM,,#a6f065
Vaisigano,WSM,,#bf161e
Aiga_i_le_Tai,WSM,,#e3ddee
Tuamasaga,WSM,,#fcefdd
Peć,XKK,,#0f07be
Kosovska_Mitrovica,XKK,,#25bd1a
Pristina,XKK,,#787ec9
Gjakova,XKK,,#88d56a
Gjilan,XKK,,#c27391
Ferizaj,XKK,,#e4947b
Prizren,XKK,,#f7f2fd
Ta_izz,YEM,,#060908
Ibb,YEM,,#1b8c8b
Shabwah,YEM,,#2a2958
Al_Mahwit,YEM,,#344e83
Al_Mahrah,YEM,,#46c76d
Raymah,YEM,,#490a59
Al_Jawf,YEM,,#491499
Hadramawt,YEM,,#4b7cd6
Sa_dah,YEM,,#67f6cf
Al_Bayda_,YEM,,#808091
Abyan,YEM,,#8cb8e9
Al_Dali_,YEM,,#9299e3
Lahij,YEM,,#aa7be4
Adan,YEM,,#abea79
Hajjah,YEM,,#b9406b
Sana_a,YEM,,#b9a9ba
Socotra,YEM,,#bebec1
Ma_rib,YEM,,#ebe4e2
Al_Hudaydah,YEM,,#eef5f0
Dhamar,YEM,,#f6ebcf
Amran,YEM,,#f8c71f
Amanat_Al_Asimah,YEM,,#f9f4f6
Gauteng,ZAF,,#070205
Eastern_Cape,ZAF,,#162839
Free_State,ZAF,,#4a2f47
Mpumalanga,ZAF,,#65629f
KwaZulu-Natal,ZAF,,#99e8da
Northern_Cape,ZAF,,#c4f4b1
Western_Cape,ZAF,,#deb2a1
Limpompo,ZAF,,#e4214a
North_West,ZAF,,#ea51a4
Muchinga,ZMB,,#28332d
Luapula,ZMB,,#40bc33
Lusaka,ZMB,,#5f5a9d
North_Western,ZMB,,#657276
Central,ZMB,,#696520
Southern,ZMB,,#720743
Copperbelt,ZMB,,#8748c1
Northern,ZMB,,#ce8418
Eastern,ZMB,,#d1b4ac
Western,ZMB,,#e7646d
Matabeleland_North,ZWE,,#020201
Bulawayo,ZWE,,#077667
Mashonaland_Central,ZWE,,#0df2b4
Manicaland,ZWE,,#61b077
Midlands,ZWE,,#6d686c
Matabeleland_South,ZWE,,#776b1a
Harare,ZWE,,#caa3ac
Mashonaland_West,ZWE,,#d0f6f9
Mashonaland_East,ZWE,,#d8c7cc
Masvingo,ZWE,,#f9fefd
